-- phpMyAdmin SQL Dump
-- version 5.1.1
-- https://www.phpmyadmin.net/
--
-- Servidor: localhost:3306
-- Tiempo de generación: 31-10-2022 a las 19:34:51
-- Versión del servidor: 5.7.33
-- Versión de PHP: 7.4.19

SET SQL_MODE = "NO_AUTO_VALUE_ON_ZERO";
START TRANSACTION;
SET time_zone = "+00:00";


/*!40101 SET @OLD_CHARACTER_SET_CLIENT=@@CHARACTER_SET_CLIENT */;
/*!40101 SET @OLD_CHARACTER_SET_RESULTS=@@CHARACTER_SET_RESULTS */;
/*!40101 SET @OLD_COLLATION_CONNECTION=@@COLLATION_CONNECTION */;
/*!40101 SET NAMES utf8mb4 */;

--
-- Base de datos: `sisgen_db`
--

-- --------------------------------------------------------

--
-- Estructura de tabla para la tabla `asignacions`
--

CREATE TABLE `asignacions` (
  `id` bigint(20) UNSIGNED NOT NULL,
  `generacion_id` bigint(20) UNSIGNED NOT NULL,
  `puesto_vigilancia_id` bigint(20) UNSIGNED NOT NULL,
  `fecha_registro` date NOT NULL,
  `created_at` timestamp NULL DEFAULT NULL,
  `updated_at` timestamp NULL DEFAULT NULL
) ENGINE=InnoDB DEFAULT CHARSET=utf8mb4 COLLATE=utf8mb4_unicode_ci;

--
-- Volcado de datos para la tabla `asignacions`
--

INSERT INTO `asignacions` (`id`, `generacion_id`, `puesto_vigilancia_id`, `fecha_registro`, `created_at`, `updated_at`) VALUES
(13, 1, 1, '2022-10-31', '2022-10-31 18:40:57', '2022-10-31 18:40:57'),
(14, 1, 2, '2022-10-31', '2022-10-31 18:40:57', '2022-10-31 18:40:57'),
(15, 1, 3, '2022-10-31', '2022-10-31 18:40:57', '2022-10-31 18:40:57');

-- --------------------------------------------------------

--
-- Estructura de tabla para la tabla `asignacion_personals`
--

CREATE TABLE `asignacion_personals` (
  `id` bigint(20) UNSIGNED NOT NULL,
  `asignacion_id` bigint(20) UNSIGNED NOT NULL,
  `personal_id` bigint(20) UNSIGNED NOT NULL,
  `tipo_personal` varchar(255) COLLATE utf8mb4_unicode_ci NOT NULL,
  `created_at` timestamp NULL DEFAULT NULL,
  `updated_at` timestamp NULL DEFAULT NULL
) ENGINE=InnoDB DEFAULT CHARSET=utf8mb4 COLLATE=utf8mb4_unicode_ci;

--
-- Volcado de datos para la tabla `asignacion_personals`
--

INSERT INTO `asignacion_personals` (`id`, `asignacion_id`, `personal_id`, `tipo_personal`, `created_at`, `updated_at`) VALUES
(102, 13, 88, 'SUPERVISOR', '2022-10-31 18:40:57', '2022-10-31 18:40:57'),
(103, 13, 34, 'SUPERVISOR', '2022-10-31 18:40:57', '2022-10-31 18:40:57'),
(104, 13, 83, 'SUPERVISOR', '2022-10-31 18:40:57', '2022-10-31 18:40:57'),
(105, 13, 56, 'SUPERVISOR', '2022-10-31 18:40:57', '2022-10-31 18:40:57'),
(106, 13, 62, 'GUARDIA', '2022-10-31 18:40:57', '2022-10-31 18:40:57'),
(107, 13, 23, 'GUARDIA', '2022-10-31 18:40:57', '2022-10-31 18:40:57'),
(108, 13, 66, 'GUARDIA', '2022-10-31 18:40:57', '2022-10-31 18:40:57'),
(109, 13, 70, 'GUARDIA', '2022-10-31 18:40:57', '2022-10-31 18:40:57'),
(110, 13, 86, 'GUARDIA', '2022-10-31 18:40:57', '2022-10-31 18:40:57'),
(111, 13, 33, 'GUARDIA', '2022-10-31 18:40:57', '2022-10-31 18:40:57'),
(112, 13, 78, 'GUARDIA', '2022-10-31 18:40:57', '2022-10-31 18:40:57'),
(113, 14, 38, 'SUPERVISOR', '2022-10-31 18:40:57', '2022-10-31 18:40:57'),
(114, 14, 72, 'SUPERVISOR', '2022-10-31 18:40:57', '2022-10-31 18:40:57'),
(115, 14, 69, 'SUPERVISOR', '2022-10-31 18:40:57', '2022-10-31 18:40:57'),
(116, 14, 108, 'GUARDIA', '2022-10-31 18:40:57', '2022-10-31 18:40:57'),
(117, 14, 16, 'GUARDIA', '2022-10-31 18:40:57', '2022-10-31 18:40:57'),
(118, 14, 2, 'GUARDIA', '2022-10-31 18:40:57', '2022-10-31 18:40:57'),
(119, 14, 8, 'GUARDIA', '2022-10-31 18:40:57', '2022-10-31 18:40:57'),
(120, 14, 14, 'GUARDIA', '2022-10-31 18:40:57', '2022-10-31 18:40:57'),
(121, 15, 48, 'SUPERVISOR', '2022-10-31 18:40:57', '2022-10-31 18:40:57'),
(122, 15, 93, 'SUPERVISOR', '2022-10-31 18:40:57', '2022-10-31 18:40:57'),
(123, 15, 104, 'GUARDIA', '2022-10-31 18:40:57', '2022-10-31 18:40:57'),
(124, 15, 80, 'GUARDIA', '2022-10-31 18:40:57', '2022-10-31 18:40:57'),
(125, 15, 17, 'GUARDIA', '2022-10-31 18:40:57', '2022-10-31 18:40:57');

-- --------------------------------------------------------

--
-- Estructura de tabla para la tabla `asistencias`
--

CREATE TABLE `asistencias` (
  `id` bigint(20) UNSIGNED NOT NULL,
  `personal_id` bigint(20) UNSIGNED NOT NULL,
  `tipo` enum('INGRESO','SALIDA') COLLATE utf8mb4_unicode_ci NOT NULL,
  `hora` time NOT NULL,
  `fecha` date NOT NULL,
  `fecha_registro` date NOT NULL,
  `created_at` timestamp NULL DEFAULT NULL,
  `updated_at` timestamp NULL DEFAULT NULL
) ENGINE=InnoDB DEFAULT CHARSET=utf8mb4 COLLATE=utf8mb4_unicode_ci;

--
-- Volcado de datos para la tabla `asistencias`
--

INSERT INTO `asistencias` (`id`, `personal_id`, `tipo`, `hora`, `fecha`, `fecha_registro`, `created_at`, `updated_at`) VALUES
(1, 1, 'INGRESO', '13:28:44', '2022-09-23', '2022-09-23', '2022-09-23 17:28:46', '2022-09-23 17:28:46'),
(2, 1, 'SALIDA', '13:28:48', '2022-09-23', '2022-09-23', '2022-09-23 17:28:50', '2022-09-23 17:28:50'),
(3, 2, 'INGRESO', '13:34:39', '2022-09-23', '2022-09-23', '2022-09-23 17:34:42', '2022-09-23 17:34:42'),
(4, 2, 'SALIDA', '13:34:43', '2022-09-23', '2022-09-23', '2022-09-23 17:34:46', '2022-09-23 17:34:46');

-- --------------------------------------------------------

--
-- Estructura de tabla para la tabla `configuracions`
--

CREATE TABLE `configuracions` (
  `id` bigint(20) UNSIGNED NOT NULL,
  `nombre_sistema` varchar(255) COLLATE utf8mb4_unicode_ci NOT NULL,
  `alias` varchar(255) COLLATE utf8mb4_unicode_ci DEFAULT NULL,
  `razon_social` varchar(255) COLLATE utf8mb4_unicode_ci NOT NULL,
  `nit` varchar(255) COLLATE utf8mb4_unicode_ci NOT NULL,
  `ciudad` varchar(255) COLLATE utf8mb4_unicode_ci NOT NULL,
  `dir` varchar(255) COLLATE utf8mb4_unicode_ci NOT NULL,
  `fono` varchar(255) COLLATE utf8mb4_unicode_ci NOT NULL,
  `web` varchar(255) COLLATE utf8mb4_unicode_ci DEFAULT NULL,
  `actividad_economica` varchar(255) COLLATE utf8mb4_unicode_ci NOT NULL,
  `correo` varchar(255) COLLATE utf8mb4_unicode_ci DEFAULT NULL,
  `logo` varchar(255) COLLATE utf8mb4_unicode_ci DEFAULT NULL,
  `created_at` timestamp NULL DEFAULT NULL,
  `updated_at` timestamp NULL DEFAULT NULL
) ENGINE=InnoDB DEFAULT CHARSET=utf8mb4 COLLATE=utf8mb4_unicode_ci;

--
-- Volcado de datos para la tabla `configuracions`
--

INSERT INTO `configuracions` (`id`, `nombre_sistema`, `alias`, `razon_social`, `nit`, `ciudad`, `dir`, `fono`, `web`, `actividad_economica`, `correo`, `logo`, `created_at`, `updated_at`) VALUES
(1, 'SISGEN', 'SG', 'EMPRESA DE PRUEBA \"SISGEN\"', '111111111111', 'LA PAZ', 'ZONA LOS OLIVOS', '2222222', '', 'ACTIVIDAD ECONOMICA', 'SISGEN@GMAIL.COM', '1663601019_logo.png', NULL, '2022-09-19 15:52:13');

-- --------------------------------------------------------

--
-- Estructura de tabla para la tabla `generacions`
--

CREATE TABLE `generacions` (
  `id` bigint(20) UNSIGNED NOT NULL,
  `fecha` date NOT NULL,
  `created_at` timestamp NULL DEFAULT NULL,
  `updated_at` timestamp NULL DEFAULT NULL
) ENGINE=InnoDB DEFAULT CHARSET=utf8mb4 COLLATE=utf8mb4_unicode_ci;

--
-- Volcado de datos para la tabla `generacions`
--

INSERT INTO `generacions` (`id`, `fecha`, `created_at`, `updated_at`) VALUES
(1, '2022-10-31', '2022-10-31 18:35:54', '2022-10-31 18:35:54');

-- --------------------------------------------------------

--
-- Estructura de tabla para la tabla `materials`
--

CREATE TABLE `materials` (
  `id` bigint(20) UNSIGNED NOT NULL,
  `codigo` varchar(255) COLLATE utf8mb4_unicode_ci NOT NULL,
  `nombre` varchar(255) COLLATE utf8mb4_unicode_ci NOT NULL,
  `descripcion` text COLLATE utf8mb4_unicode_ci,
  `propietario` varchar(255) COLLATE utf8mb4_unicode_ci NOT NULL,
  `puesto_vigilancia_id` bigint(20) UNSIGNED NOT NULL,
  `fecha_registro` date NOT NULL,
  `created_at` timestamp NULL DEFAULT NULL,
  `updated_at` timestamp NULL DEFAULT NULL
) ENGINE=InnoDB DEFAULT CHARSET=utf8mb4 COLLATE=utf8mb4_unicode_ci;

--
-- Volcado de datos para la tabla `materials`
--

INSERT INTO `materials` (`id`, `codigo`, `nombre`, `descripcion`, `propietario`, `puesto_vigilancia_id`, `fecha_registro`, `created_at`, `updated_at`) VALUES
(1, 'M01', 'MATERIAL A', '', 'JUAN PERES', 1, '2022-09-19', '2022-09-19 20:14:55', '2022-09-19 20:14:55'),
(2, 'M02', 'MATERIAL B', 'DESCRIPCION DEL MATERIAL', 'JUAN PERES', 2, '2022-09-19', '2022-09-19 20:15:44', '2022-09-19 20:16:24'),
(3, 'M03', 'MATERIAL C', '', 'JUAN PERES', 3, '2022-09-19', '2022-09-19 20:16:44', '2022-09-19 20:16:44');

-- --------------------------------------------------------

--
-- Estructura de tabla para la tabla `migrations`
--

CREATE TABLE `migrations` (
  `id` int(10) UNSIGNED NOT NULL,
  `migration` varchar(255) COLLATE utf8mb4_unicode_ci NOT NULL,
  `batch` int(11) NOT NULL
) ENGINE=InnoDB DEFAULT CHARSET=utf8mb4 COLLATE=utf8mb4_unicode_ci;

--
-- Volcado de datos para la tabla `migrations`
--

INSERT INTO `migrations` (`id`, `migration`, `batch`) VALUES
(1, '2014_10_12_000000_create_users_table', 1),
(2, '2019_12_14_000001_create_personal_access_tokens_table', 1),
(3, '2022_09_16_140348_create_configuracions_table', 1),
(4, '2022_09_16_140450_create_personals_table', 1),
(5, '2022_09_16_140500_create_puesto_vigilancias_table', 1),
(6, '2022_09_16_140501_create_materials_table', 1),
(8, '2022_09_16_140851_create_generacions_table', 1),
(10, '2022_09_16_140534_create_asistencias_table', 2),
(11, '2022_09_16_140902_create_asignacions_table', 3),
(12, '2022_09_16_140903_create_asignacion_personals_table', 4),
(13, '2022_09_16_140901_create_generacions_table', 5);

-- --------------------------------------------------------

--
-- Estructura de tabla para la tabla `personals`
--

CREATE TABLE `personals` (
  `id` bigint(20) UNSIGNED NOT NULL,
  `nombre` varchar(255) COLLATE utf8mb4_unicode_ci NOT NULL,
  `paterno` varchar(255) COLLATE utf8mb4_unicode_ci NOT NULL,
  `materno` varchar(255) COLLATE utf8mb4_unicode_ci DEFAULT NULL,
  `ci` varchar(100) COLLATE utf8mb4_unicode_ci NOT NULL,
  `ci_exp` varchar(20) COLLATE utf8mb4_unicode_ci NOT NULL,
  `fecha_nacimiento` date NOT NULL,
  `estatura` double(8,2) NOT NULL,
  `peso` double(8,2) NOT NULL,
  `nacionalidad` varchar(255) COLLATE utf8mb4_unicode_ci NOT NULL,
  `dir` varchar(255) COLLATE utf8mb4_unicode_ci NOT NULL,
  `correo` varchar(255) COLLATE utf8mb4_unicode_ci NOT NULL,
  `fono` varchar(155) COLLATE utf8mb4_unicode_ci NOT NULL,
  `cel` varchar(155) COLLATE utf8mb4_unicode_ci NOT NULL,
  `tipo` enum('SUPERVISOR','GUARDIA') COLLATE utf8mb4_unicode_ci NOT NULL,
  `puntuacion_habilidad` int(11) NOT NULL,
  `habilidad` enum('EXPERTO','MODERADO','INTERMEDIO','PRINCIPIANTE') COLLATE utf8mb4_unicode_ci NOT NULL,
  `estado` enum('ACTIVO','INACTIVO') COLLATE utf8mb4_unicode_ci NOT NULL,
  `foto` varchar(255) COLLATE utf8mb4_unicode_ci DEFAULT NULL,
  `fecha_registro` date NOT NULL,
  `created_at` timestamp NULL DEFAULT NULL,
  `updated_at` timestamp NULL DEFAULT NULL
) ENGINE=InnoDB DEFAULT CHARSET=utf8mb4 COLLATE=utf8mb4_unicode_ci;

--
-- Volcado de datos para la tabla `personals`
--

INSERT INTO `personals` (`id`, `nombre`, `paterno`, `materno`, `ci`, `ci_exp`, `fecha_nacimiento`, `estatura`, `peso`, `nacionalidad`, `dir`, `correo`, `fono`, `cel`, `tipo`, `puntuacion_habilidad`, `habilidad`, `estado`, `foto`, `fecha_registro`, `created_at`, `updated_at`) VALUES
(1, 'PEDRO', 'RAMIRES', '', '1231231', 'LP', '2000-01-01', 1.76, 80.00, 'BOLIVIANO', 'LOS OLIVOS', 'pedro@gmail.com', '222222', '7777777', 'SUPERVISOR', 100, 'EXPERTO', 'ACTIVO', '1667241572_.jpg', '2022-09-23', '2022-09-23 16:56:39', '2022-10-31 18:39:32'),
(2, 'JUAN', 'ALVARES', 'RAMOS', '323232', 'CB', '1999-01-01', 1.80, 86.00, 'BOLIVIANO', 'LOS OLIVOS', 'juan@gmail.coma', '32232323', '88888888', 'GUARDIA', 60, 'MODERADO', 'ACTIVO', '1667241577_.jpg', '2022-09-23', '2022-09-23 16:57:12', '2022-10-31 18:39:37'),
(3, 'ALBERTO', 'GONZALES', '', '32234234', 'LP', '1999-02-02', 1.70, 76.00, 'BOLIVIANO', 'LOS OLIVOS', 'alberto@gmail.coma', '222222', '7777777', 'SUPERVISOR', 65, 'MODERADO', 'ACTIVO', 'default.png', '2022-09-23', '2022-09-23 16:57:47', '2022-10-29 17:06:52'),
(4, 'JORGE', 'ESTRADA', '', '34223232223', 'CB', '1998-03-03', 1.80, 80.00, 'BOLIVIANO', 'LOS OLIVOS', 'jorge@gmail.coma', '22222', '777777', 'GUARDIA', 40, 'INTERMEDIO', 'ACTIVO', 'default.png', '2022-09-23', '2022-09-23 16:58:25', '2022-10-29 17:07:08'),
(5, 'CARLOS', 'CAMACHO', '', '3223232', 'SC', '1997-04-04', 1.70, 74.00, 'BOLIVIANO', 'LOS OLIVOS', 'carlos@gmail.com', '22222', '77777', 'GUARDIA', 25, 'PRINCIPIANTE', 'ACTIVO', '1667241582_.jpg', '2022-09-23', '2022-09-23 16:59:00', '2022-10-31 18:39:42'),
(6, 'SANDRO', 'RAMIRES', '', '433434', 'SC', '1999-04-04', 1.70, 75.00, 'BOLIVIANO', 'LOS OLIVOS', 'sandro@gmail.com', '22222', '777777', 'SUPERVISOR', 0, 'EXPERTO', 'ACTIVO', 'default.png', '2022-09-23', '2022-09-23 16:59:33', '2022-09-23 16:59:33'),
(7, 'LUIS', 'CASTRO', '', '43343', 'SC', '1999-05-04', 1.86, 90.00, 'BOLIVIANO', 'LOS OLIVOS', 'luis@gmail.com', '222222', '777777', 'GUARDIA', 0, 'EXPERTO', 'ACTIVO', 'default.png', '2022-09-23', '2022-09-23 17:00:09', '2022-09-23 17:00:09'),
(8, 'ADITYA SCHMIDT', 'MORISSETTE', '', '270891', 'TJ', '2003-07-01', 1.72, 83.00, 'BOLIVIANO', 'DISTINCTIO PERFERENDIS AUT CUMQUE AUT. CULPA A VELIT CONSEQUATUR QUAM LABORE.', 'ymcglynn@example.com', '402-274-7081', '251.804.7316', 'GUARDIA', 61, 'MODERADO', 'ACTIVO', 'default.png', '2022-10-29', '2022-10-29 17:05:53', '2022-10-29 17:05:53'),
(9, 'ROD SCHUMM', 'KIHN', '', '798564', 'OTRO', '1999-03-26', 1.71, 90.00, 'BOLIVIANO', 'UNDE LABORUM SED HIC NON. ET IPSAM PERFERENDIS AUT DICTA PROVIDENT CONSEQUUNTUR REM UT.', 'labadie.trevor@example.net', '+1-470-995-7460', '870.866.6607', 'GUARDIA', 5, 'PRINCIPIANTE', 'ACTIVO', 'default.png', '2022-10-29', '2022-10-29 17:05:53', '2022-10-29 17:05:53'),
(10, 'NAME POUROS', 'DIETRICH', '', '9741', 'OR', '2001-12-20', 1.89, 85.00, 'BOLIVIANO', 'POSSIMUS ID SAPIENTE MODI FUGIT EST ODIT QUOD UT.', 'rickey.hand@example.net', '1-270-903-1497', '+1-531-648-2267', 'SUPERVISOR', 40, 'INTERMEDIO', 'ACTIVO', 'default.png', '2022-10-29', '2022-10-29 17:05:53', '2022-10-29 17:05:53'),
(11, 'FURMAN BAUCH SR.', 'SCHOWALTER', '', '890125', 'LP', '2000-02-04', 1.89, 81.00, 'BOLIVIANO', 'QUIS MAGNI CUPIDITATE CONSEQUUNTUR QUOD VOLUPTATEM AB DOLORIBUS. ALIAS CORRUPTI DOLORES ENIM UT FUGA QUI OFFICIIS.', 'demetrius16@example.org', '+13169174859', '+1 (425) 310-6274', 'SUPERVISOR', 62, 'MODERADO', 'ACTIVO', 'default.png', '2022-10-29', '2022-10-29 17:05:53', '2022-10-29 17:05:53'),
(12, 'JO CORKERY', 'BLOCK', '', '320060', 'SC', '1999-12-09', 1.90, 81.00, 'BOLIVIANO', 'AUTEM RERUM OFFICIA DELECTUS EXPEDITA RATIONE ENIM NAM QUI.', 'wlockman@example.net', '947-235-0857', '+17374496356', 'GUARDIA', 5, 'PRINCIPIANTE', 'ACTIVO', 'default.png', '2022-10-29', '2022-10-29 17:05:53', '2022-10-29 17:05:53'),
(13, 'GENEVIEVE RODRIGUEZ', 'BOGAN', '', '766521', 'BN', '2000-07-05', 1.66, 72.00, 'BOLIVIANO', 'QUO ERROR EST AUT ODIO ENIM QUAM RATIONE VEL. EUM RERUM DELENITI VERITATIS UT MOLLITIA ACCUSAMUS VERITATIS.', 'azieme@example.com', '940.479.8504', '(208) 742-3080', 'SUPERVISOR', 51, 'MODERADO', 'ACTIVO', 'default.png', '2022-10-29', '2022-10-29 17:05:53', '2022-10-29 17:05:53'),
(14, 'RANDAL HEGMANN', 'GISLASON', '', '46376', 'LP', '2000-08-08', 1.72, 85.00, 'BOLIVIANO', 'VERITATIS AT DUCIMUS NEMO EST AUT VOLUPTATEM AUT.', 'carroll.heidenreich@example.com', '1-785-220-1633', '1-469-869-4102', 'GUARDIA', 54, 'MODERADO', 'ACTIVO', 'default.png', '2022-10-29', '2022-10-29 17:05:53', '2022-10-29 17:05:53'),
(15, 'SEDRICK GREENFELDER', 'KEEBLER', '', '979183', 'SC', '2001-07-07', 1.70, 75.00, 'BOLIVIANO', 'DEBITIS FUGIT UT NISI ASSUMENDA NATUS ATQUE. NECESSITATIBUS ET DIGNISSIMOS QUI RERUM ISTE AD.', 'johan.buckridge@example.com', '580.636.8441', '+1-947-451-6207', 'GUARDIA', 83, 'EXPERTO', 'ACTIVO', 'default.png', '2022-10-29', '2022-10-29 17:05:53', '2022-10-29 17:05:53'),
(16, 'VIRGIE SWIFT', 'ERNSER', '', '770280', 'OR', '2003-10-20', 1.71, 90.00, 'BOLIVIANO', 'NON NON SIT IPSA CONSEQUATUR QUAS HARUM SIT DOLOREM. REPELLAT IN VOLUPTATUM RERUM NEQUE EST MINUS ELIGENDI.', 'leslie.white@example.org', '+16233725828', '612-536-4600', 'GUARDIA', 27, 'INTERMEDIO', 'ACTIVO', 'default.png', '2022-10-29', '2022-10-29 17:05:53', '2022-10-29 17:05:53'),
(17, 'CLINTON SHANAHAN', 'VANDERVORT', '', '648576', 'BN', '2000-11-07', 1.84, 75.00, 'BOLIVIANO', 'TEMPORA NIHIL VOLUPTATEM UT SINT FUGIAT EUM NUMQUAM VOLUPTATEM.', 'qschuppe@example.com', '+1.718.648.5283', '1-646-453-5671', 'GUARDIA', 79, 'EXPERTO', 'ACTIVO', 'default.png', '2022-10-29', '2022-10-29 17:05:53', '2022-10-29 17:05:53'),
(18, 'EZEKIEL POLLICH', 'GREENHOLT', '', '531264', 'CH', '2003-09-13', 1.68, 84.00, 'BOLIVIANO', 'VENIAM MAIORES VOLUPTATEM LIBERO CONSEQUATUR NECESSITATIBUS.', 'roob.noelia@example.com', '1-520-392-1357', '+14249870809', 'SUPERVISOR', 27, 'INTERMEDIO', 'ACTIVO', 'default.png', '2022-10-29', '2022-10-29 17:05:53', '2022-10-29 17:05:53'),
(19, 'AMIE KUHN', 'SMITH', '', '207387', 'TJ', '2002-05-01', 1.90, 81.00, 'BOLIVIANO', 'RERUM NON NULLA AT NOBIS. QUIA CONSEQUATUR QUISQUAM SINT QUI.', 'vicente.langworth@example.net', '843.942.0133', '+17084541735', 'SUPERVISOR', 21, 'PRINCIPIANTE', 'ACTIVO', 'default.png', '2022-10-29', '2022-10-29 17:05:53', '2022-10-29 17:05:53'),
(20, 'BREANNA SIMONIS', 'VON', '', '738374', 'PT', '2001-07-04', 1.90, 90.00, 'BOLIVIANO', 'EXCEPTURI DOLOREM ET DOLOREM SIT NEQUE QUISQUAM UT. NULLA UT ET EOS EA.', 'josephine.berge@example.com', '870-752-0692', '+1.480.380.4017', 'SUPERVISOR', 43, 'INTERMEDIO', 'ACTIVO', 'default.png', '2022-10-29', '2022-10-29 17:05:53', '2022-10-29 17:05:53'),
(21, 'MISS KYLEE GRADY', 'WISOKY', '', '242978', 'LP', '2003-02-12', 1.73, 75.00, 'BOLIVIANO', 'AUTEM MOLESTIAE DEBITIS IPSUM APERIAM RERUM AB EST. DOLORIBUS VOLUPTAS LABORIOSAM ESSE ANIMI QUAE SED AD CONSEQUATUR.', 'brigitte86@example.com', '1-332-554-8786', '986-669-4437', 'SUPERVISOR', 3, 'PRINCIPIANTE', 'ACTIVO', 'default.png', '2022-10-29', '2022-10-29 17:05:53', '2022-10-29 17:05:53'),
(22, 'MS. MALLIE RUNOLFSDOTTIR', 'SCHINNER', '', '215863', 'TJ', '2000-01-06', 1.79, 73.00, 'BOLIVIANO', 'ET QUAM HARUM NEMO HIC. QUI CUMQUE ASSUMENDA NON NEQUE PORRO EA DELECTUS.', 'deborah89@example.com', '314-438-6233', '406-378-3301', 'SUPERVISOR', 5, 'PRINCIPIANTE', 'ACTIVO', 'default.png', '2022-10-29', '2022-10-29 17:05:53', '2022-10-29 17:05:53'),
(23, 'MS. MARY JERDE', 'EMMERICH', '', '93261', 'LP', '1999-03-22', 1.72, 87.00, 'BOLIVIANO', 'OFFICIIS RERUM TEMPORA SIT QUI INVENTORE ENIM. OMNIS DOLOR NEMO FACERE OMNIS EXERCITATIONEM EX FUGIT SUNT.', 'xkunde@example.org', '(223) 851-5951', '+1-240-695-9718', 'GUARDIA', 69, 'MODERADO', 'ACTIVO', 'default.png', '2022-10-29', '2022-10-29 17:05:53', '2022-10-29 17:05:53'),
(24, 'PROF. CALI PARISIAN', 'POLLICH', '', '948679', 'CB', '2001-07-17', 1.70, 71.00, 'BOLIVIANO', 'SUNT ET NON EIUS. NON SEQUI DOLORES MAXIME FACILIS PORRO ID EA.', 'hodkiewicz.burdette@example.net', '1-952-245-8650', '445.514.4845', 'SUPERVISOR', 1, 'PRINCIPIANTE', 'ACTIVO', 'default.png', '2022-10-29', '2022-10-29 17:05:53', '2022-10-29 17:05:53'),
(25, 'WYMAN LAKIN', 'RUNOLFSDOTTIR', '', '455818', 'PT', '2000-04-08', 1.84, 71.00, 'BOLIVIANO', 'VEL SEQUI EXERCITATIONEM VOLUPTAS LABORE POSSIMUS RERUM DELECTUS. NESCIUNT IN ATQUE NECESSITATIBUS MAIORES DOLORES QUOS DOLOR.', 'darrick.dickinson@example.com', '+1.856.748.3206', '417.678.2489', 'GUARDIA', 64, 'MODERADO', 'ACTIVO', 'default.png', '2022-10-29', '2022-10-29 17:05:54', '2022-10-29 17:05:54'),
(26, 'JESSYCA KEELING V', 'HYATT', '', '208491', 'CB', '2001-12-15', 1.75, 75.00, 'BOLIVIANO', 'EARUM QUIA HARUM APERIAM UNDE. POSSIMUS POSSIMUS MAXIME MOLESTIAE NIHIL.', 'sernser@example.com', '(918) 651-6913', '678-792-3816', 'GUARDIA', 83, 'EXPERTO', 'ACTIVO', 'default.png', '2022-10-29', '2022-10-29 17:05:54', '2022-10-29 17:05:54'),
(27, 'DR. SAMMIE REMPEL V', 'REMPEL', '', '51458', 'BN', '2001-11-19', 1.81, 79.00, 'BOLIVIANO', 'REM ALIAS RERUM EARUM DOLOREM.', 'eschinner@example.net', '+17149742211', '+1 (984) 523-5713', 'SUPERVISOR', 56, 'MODERADO', 'ACTIVO', 'default.png', '2022-10-29', '2022-10-29 17:05:54', '2022-10-29 17:05:54'),
(28, 'DR. SYDNIE FLATLEY JR.', 'MORISSETTE', '', '683495', 'SC', '2002-04-08', 1.81, 82.00, 'BOLIVIANO', 'TEMPORE ELIGENDI EVENIET UT QUAERAT DOLORE. BLANDITIIS LABORIOSAM VOLUPTATEM CUM CUMQUE VOLUPTATEM.', 'nienow.wayne@example.com', '+1-505-273-2402', '(332) 334-7455', 'GUARDIA', 25, 'PRINCIPIANTE', 'ACTIVO', 'default.png', '2022-10-29', '2022-10-29 17:05:54', '2022-10-29 17:05:54'),
(29, 'PROF. MAFALDA SWANIAWSKI', 'STEHR', '', '499059', 'OR', '2001-01-07', 1.89, 90.00, 'BOLIVIANO', 'QUI VENIAM SOLUTA DICTA.', 'bquigley@example.net', '480.312.3161', '1-423-652-2014', 'SUPERVISOR', 45, 'INTERMEDIO', 'ACTIVO', 'default.png', '2022-10-29', '2022-10-29 17:05:54', '2022-10-29 17:05:54'),
(30, 'LINNIE CARROLL', 'SCHILLER', '', '111921', 'TJ', '2002-09-28', 1.69, 87.00, 'BOLIVIANO', 'APERIAM VELIT REM ALIQUID EXPLICABO.', 'deangelo.christiansen@example.org', '440-816-1984', '1-830-976-8862', 'GUARDIA', 86, 'EXPERTO', 'ACTIVO', 'default.png', '2022-10-29', '2022-10-29 17:05:54', '2022-10-29 17:05:54'),
(31, 'MS. CHARLENE HAMILL', 'BARTON', '', '542329', 'CB', '2003-01-04', 1.89, 87.00, 'BOLIVIANO', 'QUIS PROVIDENT EST EXPEDITA NUMQUAM EXCEPTURI SINT. TEMPORE ET EST SIMILIQUE OPTIO A DOLOREM SUNT NECESSITATIBUS.', 'roman.kilback@example.org', '+1-520-722-4740', '469.776.3172', 'SUPERVISOR', 28, 'INTERMEDIO', 'ACTIVO', 'default.png', '2022-10-29', '2022-10-29 17:05:54', '2022-10-29 17:05:54'),
(32, 'KEENAN GREENHOLT', 'STREICH', '', '739713', 'CH', '2000-10-15', 1.82, 83.00, 'BOLIVIANO', 'NECESSITATIBUS ANIMI QUI REPREHENDERIT ODIT. RERUM ID EST EA NESCIUNT.', 'mozelle.kilback@example.org', '+14429671641', '1-276-699-4107', 'SUPERVISOR', 83, 'EXPERTO', 'ACTIVO', 'default.png', '2022-10-29', '2022-10-29 17:05:54', '2022-10-29 17:05:54'),
(33, 'DR. DEION BATZ', 'TREMBLAY', '', '248332', 'BN', '2001-03-08', 1.72, 72.00, 'BOLIVIANO', 'TEMPORIBUS FACERE QUI NOBIS FACILIS PERSPICIATIS EST ARCHITECTO.', 'hadley.dare@example.org', '+1 (330) 992-0253', '+1-667-570-0608', 'GUARDIA', 73, 'MODERADO', 'ACTIVO', 'default.png', '2022-10-29', '2022-10-29 17:05:54', '2022-10-29 17:05:54'),
(34, 'MRS. ALBERTHA MUELLER', 'POUROS', '', '139576', 'OR', '2003-05-02', 1.71, 78.00, 'BOLIVIANO', 'MODI ODIT ESSE AUT IURE EST DUCIMUS NON QUI. LABORE NAM QUI EXPLICABO ANIMI.', 'jadon.medhurst@example.net', '(551) 292-2027', '425-440-3283', 'SUPERVISOR', 73, 'MODERADO', 'ACTIVO', 'default.png', '2022-10-29', '2022-10-29 17:05:54', '2022-10-29 17:05:54'),
(35, 'PRICE MITCHELL', 'CONROY', '', '374832', 'OR', '1999-12-05', 1.75, 83.00, 'BOLIVIANO', 'DOLORES OFFICIA ET EUM DESERUNT ET NEQUE QUAM QUAERAT.', 'colby.heidenreich@example.net', '+19784627533', '+1.504.589.9788', 'GUARDIA', 8, 'PRINCIPIANTE', 'ACTIVO', 'default.png', '2022-10-29', '2022-10-29 17:05:54', '2022-10-29 17:05:54'),
(36, 'DR. HUNTER LANGOSH SR.', 'KIEHN', '', '937666', 'TJ', '2003-03-09', 1.68, 89.00, 'BOLIVIANO', 'SAEPE NATUS ADIPISCI EXERCITATIONEM TEMPORA NEQUE. EST VOLUPTATEM MINIMA TEMPORA TEMPORIBUS ADIPISCI ID VERITATIS VELIT.', 'giles64@example.org', '618-477-9664', '(972) 466-0565', 'SUPERVISOR', 34, 'INTERMEDIO', 'ACTIVO', 'default.png', '2022-10-29', '2022-10-29 17:05:54', '2022-10-29 17:05:54'),
(37, 'MISS ANGELITA EBERT', 'SCHIMMEL', '', '800258', 'CH', '2002-04-07', 1.73, 76.00, 'BOLIVIANO', 'MOLESTIAE EST SINT ET LAUDANTIUM EST ALIQUID ET.', 'clittel@example.net', '+18577558528', '845-272-0252', 'SUPERVISOR', 24, 'PRINCIPIANTE', 'ACTIVO', 'default.png', '2022-10-29', '2022-10-29 17:05:54', '2022-10-29 17:05:54'),
(38, 'PROF. WERNER REILLY', 'KIHN', '', '763678', 'SC', '1999-08-22', 1.88, 81.00, 'BOLIVIANO', 'LABORIOSAM REPREHENDERIT NIHIL VOLUPTATEM ET REPUDIANDAE EOS AUT.', 'cummerata.ignatius@example.com', '1-231-997-7198', '828.533.4880', 'SUPERVISOR', 53, 'MODERADO', 'ACTIVO', 'default.png', '2022-10-29', '2022-10-29 17:05:54', '2022-10-29 17:05:54'),
(39, 'YASMIN WALKER', 'PREDOVIC', '', '953566', 'CB', '2001-06-12', 1.87, 89.00, 'BOLIVIANO', 'EOS DUCIMUS IPSUM IPSA. DOLOR AUT AUTEM DELENITI AB.', 'celestino.luettgen@example.com', '1-859-910-2388', '(351) 791-7673', 'SUPERVISOR', 69, 'MODERADO', 'ACTIVO', 'default.png', '2022-10-29', '2022-10-29 17:05:54', '2022-10-29 17:05:54'),
(40, 'JULIEN FLATLEY', 'BUCKRIDGE', '', '506950', 'CH', '1999-08-01', 1.69, 87.00, 'BOLIVIANO', 'NATUS LABORE DOLORES ADIPISCI ID REICIENDIS DOLORIBUS POSSIMUS.', 'hattie32@example.com', '1-806-815-3590', '1-323-695-1545', 'GUARDIA', 77, 'EXPERTO', 'ACTIVO', 'default.png', '2022-10-29', '2022-10-29 17:05:54', '2022-10-29 17:05:54'),
(41, 'PROF. LYLA LEDNER', 'STOLTENBERG', '', '281737', 'OR', '2003-11-30', 1.79, 76.00, 'BOLIVIANO', 'IPSUM EIUS FUGA BLANDITIIS SUNT ELIGENDI DOLOREMQUE QUI. LABORUM UT DOLORES AB QUI.', 'pfeffer.emilia@example.com', '681.427.5133', '1-631-969-7587', 'SUPERVISOR', 63, 'MODERADO', 'ACTIVO', 'default.png', '2022-10-29', '2022-10-29 17:05:54', '2022-10-29 17:05:54'),
(42, 'RASHAD GUTMANN', 'CRONA', '', '191915', 'OR', '2002-05-13', 1.74, 90.00, 'BOLIVIANO', 'EIUS ENIM MINIMA DOLOREM REPREHENDERIT VOLUPTAS UT EXERCITATIONEM. EA VOLUPTATEM SOLUTA VOLUPTATIBUS.', 'mohammed.lubowitz@example.net', '+1.248.755.5336', '1-301-318-1314', 'SUPERVISOR', 13, 'PRINCIPIANTE', 'ACTIVO', 'default.png', '2022-10-29', '2022-10-29 17:05:54', '2022-10-29 17:05:54'),
(43, 'JEROME BASHIRIAN', 'BERGSTROM', '', '937474', 'LP', '2000-04-12', 1.73, 90.00, 'BOLIVIANO', 'PRAESENTIUM NIHIL DOLOR IPSA. VOLUPTATEM VELIT UNDE SUNT.', 'fisher.naomi@example.org', '864.943.3021', '734.823.1679', 'SUPERVISOR', 30, 'INTERMEDIO', 'ACTIVO', 'default.png', '2022-10-29', '2022-10-29 17:05:54', '2022-10-29 17:05:54'),
(44, 'DOLLY SWIFT', 'BEATTY', '', '351620', 'PT', '2001-05-07', 1.76, 79.00, 'BOLIVIANO', 'ID ANIMI SIMILIQUE NIHIL REICIENDIS FUGIT QUAM.', 'karl16@example.net', '+19385458643', '+1-747-580-6513', 'GUARDIA', 21, 'PRINCIPIANTE', 'ACTIVO', 'default.png', '2022-10-29', '2022-10-29 17:05:54', '2022-10-29 17:05:54'),
(45, 'MS. ELDORA MITCHELL', 'HANSEN', '', '942517', 'TJ', '2002-07-28', 1.84, 89.00, 'BOLIVIANO', 'RATIONE MOLESTIAE IURE ALIQUAM ET RERUM LIBERO. HIC ILLO ASPERNATUR DOLOREM LABORE ASPERIORES AMET.', 'alessia.hill@example.net', '713-705-8160', '+1-929-488-4714', 'GUARDIA', 5, 'PRINCIPIANTE', 'ACTIVO', 'default.png', '2022-10-29', '2022-10-29 17:05:54', '2022-10-29 17:05:54'),
(46, 'HELMER HAUCK PHD', 'LARKIN', '', '605322', 'CB', '2001-01-12', 1.89, 71.00, 'BOLIVIANO', 'ODIT VELIT NON RATIONE DOLOR VERITATIS.', 'ricardo05@example.org', '1-615-325-4493', '+1.351.243.8421', 'GUARDIA', 14, 'PRINCIPIANTE', 'ACTIVO', 'default.png', '2022-10-29', '2022-10-29 17:05:54', '2022-10-29 17:05:54'),
(47, 'FELIX LITTEL', 'CRONA', '', '814650', 'TJ', '2003-02-03', 1.74, 77.00, 'BOLIVIANO', 'EARUM AUTEM RATIONE VOLUPTAS NON PRAESENTIUM CUMQUE. VOLUPTAS EVENIET AUT MOLLITIA IMPEDIT DELECTUS ET.', 'marie54@example.com', '+1 (276) 763-1761', '+1-248-310-2103', 'SUPERVISOR', 74, 'MODERADO', 'ACTIVO', 'default.png', '2022-10-29', '2022-10-29 17:05:54', '2022-10-29 17:05:54'),
(48, 'TOMMIE PURDY', 'GORCZANY', '', '330898', 'TJ', '2003-02-14', 1.88, 71.00, 'BOLIVIANO', 'DELECTUS QUI ET REPELLAT UT ID OMNIS. AUTEM CUM NON CONSEQUATUR DELENITI UT.', 'strosin.mariano@example.net', '1-925-787-1991', '1-669-741-6542', 'SUPERVISOR', 62, 'MODERADO', 'ACTIVO', 'default.png', '2022-10-29', '2022-10-29 17:05:54', '2022-10-29 17:05:54'),
(49, 'JEROMY MAGGIO', 'REILLY', '', '359223', 'PD', '2003-12-24', 1.67, 76.00, 'BOLIVIANO', 'FACERE QUIDEM ANIMI QUAM VEL OPTIO.', 'zwyman@example.com', '341-727-1929', '276.783.9405', 'SUPERVISOR', 85, 'EXPERTO', 'ACTIVO', 'default.png', '2022-10-29', '2022-10-29 17:05:54', '2022-10-29 17:05:54'),
(50, 'PROF. DANIELLA JONES', 'ZIEME', '', '762118', 'SC', '1999-12-11', 1.81, 74.00, 'BOLIVIANO', 'ET AUT QUI LABORIOSAM SIT ITAQUE DISTINCTIO. SAEPE ATQUE REPREHENDERIT RATIONE A EOS.', 'wisozk.dahlia@example.com', '516.203.3255', '+12312939821', 'SUPERVISOR', 63, 'MODERADO', 'ACTIVO', 'default.png', '2022-10-29', '2022-10-29 17:05:54', '2022-10-29 17:05:54'),
(51, 'DR. JEROMY KILBACK', 'CHRISTIANSEN', '', '605591', 'CH', '2003-11-09', 1.87, 71.00, 'BOLIVIANO', 'CORPORIS QUIA ERROR EUM DEBITIS CUM NIHIL. ET ULLAM ESSE MINUS OFFICIA QUASI EOS NESCIUNT QUIA.', 'bayer.jeffery@example.org', '+1.785.730.7614', '1-458-327-2828', 'GUARDIA', 1, 'PRINCIPIANTE', 'ACTIVO', 'default.png', '2022-10-29', '2022-10-29 17:05:54', '2022-10-29 17:05:54'),
(52, 'MAXINE DICKINSON', 'KSHLERIN', '', '122872', 'LP', '2002-03-20', 1.77, 90.00, 'BOLIVIANO', 'SEQUI EX DOLORIBUS RATIONE DOLORES OFFICIA NECESSITATIBUS ET. EOS DEBITIS VOLUPTATUM QUIA.', 'dannie.dibbert@example.org', '+1-937-373-3618', '+1.610.595.6846', 'SUPERVISOR', 54, 'MODERADO', 'ACTIVO', 'default.png', '2022-10-29', '2022-10-29 17:05:54', '2022-10-29 17:05:54'),
(53, 'MR. LAVON ZIEMANN', 'BEATTY', '', '649702', 'CB', '2003-05-23', 1.81, 90.00, 'BOLIVIANO', 'ET EST REM DOLOR EA ANIMI EAQUE EA.', 'funk.esther@example.com', '(848) 564-3506', '+15317853942', 'SUPERVISOR', 35, 'INTERMEDIO', 'ACTIVO', 'default.png', '2022-10-29', '2022-10-29 17:05:54', '2022-10-29 17:05:54'),
(54, 'AURORE GRADY IV', 'CUMMERATA', '', '942991', 'OTRO', '2001-02-22', 1.84, 83.00, 'BOLIVIANO', 'RERUM EVENIET ASPERNATUR PERSPICIATIS IPSUM. VOLUPTAS SINT UNDE MAGNAM.', 'reyna.halvorson@example.com', '(682) 802-6759', '540.222.9396', 'SUPERVISOR', 50, 'INTERMEDIO', 'ACTIVO', 'default.png', '2022-10-29', '2022-10-29 17:05:54', '2022-10-29 17:05:54'),
(55, 'ELLEN LANGOSH', 'HANSEN', '', '545815', 'CH', '2001-05-23', 1.66, 72.00, 'BOLIVIANO', 'LIBERO QUOS DOLORUM DICTA.', 'huels.lupe@example.org', '952.814.8113', '(786) 971-1084', 'SUPERVISOR', 73, 'MODERADO', 'ACTIVO', 'default.png', '2022-10-29', '2022-10-29 17:05:54', '2022-10-29 17:05:54'),
(56, 'CELIA MACEJKOVIC', 'WUNSCH', '', '140481', 'PT', '2001-01-04', 1.67, 73.00, 'BOLIVIANO', 'DEBITIS EIUS VOLUPTATEM QUI ACCUSANTIUM ASPERIORES.', 'torp.odie@example.net', '1-682-953-9356', '484.551.9081', 'SUPERVISOR', 86, 'EXPERTO', 'ACTIVO', 'default.png', '2022-10-29', '2022-10-29 17:05:54', '2022-10-29 17:05:54'),
(57, 'PIERRE VOLKMAN', 'LEGROS', '', '427056', 'OTRO', '2000-12-08', 1.89, 87.00, 'BOLIVIANO', 'CULPA REPELLAT EST A DUCIMUS CUMQUE EOS VOLUPTATES VELIT. AT EA TEMPORIBUS ITAQUE FACILIS EVENIET.', 'yvette.cruickshank@example.com', '1-561-868-9114', '(432) 226-2573', 'GUARDIA', 34, 'INTERMEDIO', 'ACTIVO', 'default.png', '2022-10-29', '2022-10-29 17:05:54', '2022-10-29 17:05:54'),
(58, 'ROBERTA ANDERSON JR.', 'ORN', '', '339754', 'SC', '2000-07-12', 1.67, 84.00, 'BOLIVIANO', 'SINT VOLUPTATEM CONSEQUATUR DUCIMUS ODIO. UT QUIA CUM ET SAPIENTE.', 'cpredovic@example.com', '+1.321.299.5455', '(209) 954-9901', 'GUARDIA', 73, 'MODERADO', 'ACTIVO', 'default.png', '2022-10-29', '2022-10-29 17:05:54', '2022-10-29 17:05:54'),
(59, 'NORA CARTWRIGHT', 'MUELLER', '', '933681', 'CH', '2001-12-29', 1.85, 88.00, 'BOLIVIANO', 'DOLOREM AUT IN ATQUE QUIS QUO QUASI RERUM DOLORIBUS. QUAERAT DISTINCTIO IPSUM IPSAM VEL.', 'arnaldo24@example.com', '(865) 801-4165', '915.960.7608', 'SUPERVISOR', 55, 'MODERADO', 'ACTIVO', 'default.png', '2022-10-29', '2022-10-29 17:05:54', '2022-10-29 17:05:54'),
(60, 'ARNOLDO GISLASON', 'PADBERG', '', '924088', 'TJ', '1999-09-18', 1.66, 85.00, 'BOLIVIANO', 'SIT UT CONSEQUATUR DOLORES EX ET OMNIS. DOLOREM QUIA REPUDIANDAE EA ASPERNATUR FACILIS MINUS.', 'elda.cummings@example.org', '(215) 832-3463', '+1-272-891-6263', 'SUPERVISOR', 30, 'INTERMEDIO', 'ACTIVO', 'default.png', '2022-10-29', '2022-10-29 17:05:54', '2022-10-29 17:05:54'),
(61, 'LEMPI HUELS', 'BROWN', '', '405714', 'SC', '2002-03-07', 1.80, 84.00, 'BOLIVIANO', 'REPELLENDUS NATUS UT DUCIMUS BEATAE.', 'mertz.baron@example.com', '(669) 268-4199', '+1-940-700-9304', 'SUPERVISOR', 42, 'INTERMEDIO', 'ACTIVO', 'default.png', '2022-10-29', '2022-10-29 17:05:54', '2022-10-29 17:05:54'),
(62, 'JOAQUIN HAND', 'JACOBSON', '', '225992', 'BN', '2003-08-14', 1.78, 76.00, 'BOLIVIANO', 'SAEPE AUT DOLORES REPUDIANDAE EIUS ENIM QUI. DOLOR QUIS DOLOREM ALIQUID A CONSEQUATUR.', 'stefan68@example.net', '+15348751555', '+1 (743) 592-4812', 'GUARDIA', 43, 'INTERMEDIO', 'ACTIVO', 'default.png', '2022-10-29', '2022-10-29 17:05:54', '2022-10-29 17:05:54'),
(63, 'IVORY ZIEMANN', 'MANN', '', '216061', 'CH', '2002-02-23', 1.66, 83.00, 'BOLIVIANO', 'ET TEMPORA PERFERENDIS A QUIA. RATIONE DOLOREMQUE ET NISI ILLO CONSEQUUNTUR SIMILIQUE ATQUE.', 'pcarroll@example.com', '1-810-304-4814', '+1-402-647-6225', 'GUARDIA', 60, 'MODERADO', 'ACTIVO', 'default.png', '2022-10-29', '2022-10-29 17:05:54', '2022-10-29 17:05:54'),
(64, 'LONIE HEIDENREICH', 'MANN', '', '738869', 'TJ', '1999-04-07', 1.74, 71.00, 'BOLIVIANO', 'VEL PERFERENDIS EST NAM OPTIO VOLUPTAS TEMPORA SIT.', 'zemlak.naomie@example.org', '615.371.1061', '+17036861182', 'SUPERVISOR', 98, 'EXPERTO', 'ACTIVO', 'default.png', '2022-10-29', '2022-10-29 17:05:54', '2022-10-29 17:05:54'),
(65, 'EINAR CONN', 'WAELCHI', '', '288891', 'BN', '2002-09-26', 1.78, 90.00, 'BOLIVIANO', 'MOLESTIAE ET SED QUAE. AUT NESCIUNT DOLORES DOLORUM NULLA.', 'penelope14@example.net', '+1.812.373.6815', '813.697.0150', 'GUARDIA', 17, 'PRINCIPIANTE', 'ACTIVO', 'default.png', '2022-10-29', '2022-10-29 17:05:55', '2022-10-29 17:05:55'),
(66, 'MRS. FLORENCE THIEL II', 'DACH', '', '600035', 'PD', '2003-08-11', 1.74, 80.00, 'BOLIVIANO', 'ET ERROR SIT SIT. VOLUPTAS UT CUM NOBIS DOLORES.', 'ronny.keeling@example.org', '+1-534-454-3784', '(316) 814-5509', 'GUARDIA', 97, 'EXPERTO', 'ACTIVO', 'default.png', '2022-10-29', '2022-10-29 17:05:55', '2022-10-29 17:05:55'),
(67, 'ZOEY BARTOLETTI', 'MACEJKOVIC', '', '467933', 'LP', '1999-07-06', 1.67, 74.00, 'BOLIVIANO', 'DOLORES NESCIUNT ISTE ALIQUID CONSEQUUNTUR CORRUPTI LAUDANTIUM.', 'calista20@example.org', '458.296.4741', '1-936-666-0668', 'GUARDIA', 39, 'INTERMEDIO', 'ACTIVO', 'default.png', '2022-10-29', '2022-10-29 17:05:55', '2022-10-29 17:05:55'),
(68, 'BLAKE MOORE', 'WITTING', '', '521834', 'PD', '2000-02-23', 1.65, 80.00, 'BOLIVIANO', 'QUIDEM EST RERUM OPTIO ITAQUE CONSECTETUR NEMO DOLORIBUS. NEQUE RATIONE BEATAE EXPLICABO REPELLAT.', 'jsteuber@example.org', '(217) 629-2030', '1-954-515-4525', 'SUPERVISOR', 7, 'PRINCIPIANTE', 'ACTIVO', 'default.png', '2022-10-29', '2022-10-29 17:05:55', '2022-10-29 17:05:55'),
(69, 'PROF. NICOLAS BAHRINGER', 'FERRY', '', '37478', 'OTRO', '1999-05-05', 1.79, 81.00, 'BOLIVIANO', 'QUASI SED NON NIHIL DOLOR ELIGENDI QUIA VOLUPTATEM CONSEQUATUR.', 'luettgen.fleta@example.com', '+1-283-374-8537', '+1-831-787-4420', 'SUPERVISOR', 52, 'MODERADO', 'ACTIVO', 'default.png', '2022-10-29', '2022-10-29 17:05:55', '2022-10-29 17:05:55'),
(70, 'DEDRIC KASSULKE', 'WEST', '', '768096', 'PT', '2003-05-11', 1.87, 86.00, 'BOLIVIANO', 'ESSE UNDE VEL SEQUI UNDE EUM. AUTEM ACCUSAMUS QUI PARIATUR NEQUE EST ILLUM QUI LABORIOSAM.', 'elda.yost@example.net', '(640) 531-4810', '859-323-7106', 'GUARDIA', 98, 'EXPERTO', 'ACTIVO', 'default.png', '2022-10-29', '2022-10-29 17:05:55', '2022-10-29 17:05:55'),
(71, 'JED TORP', 'KUNDE', '', '710666', 'PT', '2003-07-22', 1.69, 72.00, 'BOLIVIANO', 'ET IN VITAE EXERCITATIONEM QUI NIHIL SIMILIQUE. AUT ESSE ASPERNATUR EA TEMPORIBUS.', 'dbrakus@example.com', '774-889-3508', '828-761-3075', 'SUPERVISOR', 59, 'MODERADO', 'ACTIVO', 'default.png', '2022-10-29', '2022-10-29 17:05:55', '2022-10-29 17:05:55'),
(72, 'PAOLO HARRIS', 'GRIMES', '', '833045', 'LP', '2002-11-08', 1.75, 84.00, 'BOLIVIANO', 'AUT QUIDEM ET CONSEQUATUR IN. VITAE EA ET PROVIDENT IMPEDIT.', 'montana50@example.com', '1-812-941-5386', '+1 (781) 696-1079', 'SUPERVISOR', 57, 'MODERADO', 'ACTIVO', 'default.png', '2022-10-29', '2022-10-29 17:05:55', '2022-10-29 17:05:55'),
(73, 'AGUSTIN LEMKE', 'RUTHERFORD', '', '536283', 'PD', '1999-04-25', 1.89, 81.00, 'BOLIVIANO', 'ENIM LAUDANTIUM EST MAIORES QUI INCIDUNT QUAS NOBIS. DOLORES REM DOLORES APERIAM CONSEQUATUR ALIQUAM ODIO CORRUPTI.', 'vbeer@example.net', '972.799.5282', '1-419-607-2546', 'SUPERVISOR', 25, 'PRINCIPIANTE', 'ACTIVO', 'default.png', '2022-10-29', '2022-10-29 17:05:55', '2022-10-29 17:05:55'),
(74, 'JENIFER BOGAN', 'LINDGREN', '', '574316', 'LP', '2003-04-15', 1.85, 86.00, 'BOLIVIANO', 'EAQUE REPELLAT CORPORIS FACERE ACCUSANTIUM.', 'verla.stokes@example.org', '786.998.7042', '+1-424-864-4369', 'SUPERVISOR', 6, 'PRINCIPIANTE', 'ACTIVO', 'default.png', '2022-10-29', '2022-10-29 17:05:55', '2022-10-29 17:05:55'),
(75, 'PROF. CLARK DACH', 'SPINKA', '', '330384', 'OTRO', '2000-06-29', 1.77, 81.00, 'BOLIVIANO', 'DELENITI AMET NEQUE AUTEM. ERROR SAPIENTE ULLAM BEATAE AUT ASSUMENDA NISI IMPEDIT EVENIET.', 'zkoepp@example.net', '+1.231.248.0512', '930.388.5968', 'GUARDIA', 63, 'MODERADO', 'ACTIVO', 'default.png', '2022-10-29', '2022-10-29 17:05:55', '2022-10-29 17:05:55'),
(76, 'MAYBELL SKILES', 'LEFFLER', '', '295766', 'SC', '2003-11-28', 1.76, 90.00, 'BOLIVIANO', 'VELIT EA SAPIENTE RECUSANDAE AUT REICIENDIS.', 'ocronin@example.org', '856-550-6687', '1-651-961-9388', 'GUARDIA', 45, 'INTERMEDIO', 'ACTIVO', 'default.png', '2022-10-29', '2022-10-29 17:05:55', '2022-10-29 17:05:55'),
(77, 'SABINA MITCHELL', 'BARTOLETTI', '', '216525', 'TJ', '2002-01-02', 1.83, 90.00, 'BOLIVIANO', 'RERUM OFFICIIS ET PERFERENDIS REPUDIANDAE DOLORUM MINIMA LABORE.', 'vschmidt@example.net', '520.499.1319', '(651) 701-9444', 'GUARDIA', 50, 'INTERMEDIO', 'ACTIVO', 'default.png', '2022-10-29', '2022-10-29 17:05:55', '2022-10-29 17:05:55'),
(78, 'CAROLYN GREENHOLT', 'BEATTY', '', '890365', 'PD', '2003-07-04', 1.86, 89.00, 'BOLIVIANO', 'ELIGENDI ENIM MOLESTIAE MOLESTIAS ACCUSAMUS ID IPSAM.', 'shemar.renner@example.com', '+1-434-649-4039', '+1 (360) 947-3608', 'GUARDIA', 77, 'EXPERTO', 'ACTIVO', 'default.png', '2022-10-29', '2022-10-29 17:05:55', '2022-10-29 17:05:55'),
(79, 'JACLYN O\'REILLY', 'ARMSTRONG', '', '347324', 'OR', '2003-09-09', 1.66, 89.00, 'BOLIVIANO', 'MINUS AUT EST MAIORES SINT CORPORIS VELIT.', 'gulgowski.derrick@example.com', '+1.351.642.5491', '1-305-433-1410', 'GUARDIA', 15, 'PRINCIPIANTE', 'ACTIVO', 'default.png', '2022-10-29', '2022-10-29 17:05:55', '2022-10-29 17:05:55'),
(80, 'HADLEY FISHER JR.', 'SCHUSTER', '', '774396', 'CB', '2002-05-14', 1.71, 80.00, 'BOLIVIANO', 'VEL PROVIDENT QUIBUSDAM A PROVIDENT.', 'lindgren.rosie@example.com', '602.943.0217', '912-598-9328', 'GUARDIA', 87, 'EXPERTO', 'ACTIVO', 'default.png', '2022-10-29', '2022-10-29 17:05:55', '2022-10-29 17:05:55'),
(81, 'MR. WILSON LINDGREN', 'D\'AMORE', '', '70078', 'TJ', '2002-04-05', 1.69, 83.00, 'BOLIVIANO', 'EST AT SED SAPIENTE OMNIS TOTAM DOLOREMQUE SUSCIPIT VOLUPTATEM.', 'wiza.clara@example.com', '941.752.8983', '+1 (681) 800-7531', 'SUPERVISOR', 16, 'PRINCIPIANTE', 'ACTIVO', 'default.png', '2022-10-29', '2022-10-29 17:05:55', '2022-10-29 17:05:55'),
(82, 'MELYSSA PROSACCO II', 'RODRIGUEZ', '', '708695', 'CB', '2001-12-07', 1.80, 77.00, 'BOLIVIANO', 'UT AUTEM DOLOREM LABORUM MOLESTIAS QUI VITAE. EST QUISQUAM ET EARUM MOLLITIA VITAE.', 'lrippin@example.net', '1-706-371-3374', '+1-225-964-6477', 'GUARDIA', 65, 'MODERADO', 'ACTIVO', 'default.png', '2022-10-29', '2022-10-29 17:05:55', '2022-10-29 17:05:55'),
(83, 'DR. KENDRA WEBER DDS', 'SANFORD', '', '907488', 'LP', '2003-08-28', 1.84, 80.00, 'BOLIVIANO', 'EA REM POSSIMUS BEATAE.', 'gbreitenberg@example.org', '(772) 667-5188', '(386) 710-4071', 'SUPERVISOR', 91, 'EXPERTO', 'ACTIVO', 'default.png', '2022-10-29', '2022-10-29 17:05:55', '2022-10-29 17:05:55'),
(84, 'MARSHALL REINGER', 'PREDOVIC', '', '833894', 'BN', '2001-12-23', 1.86, 76.00, 'BOLIVIANO', 'MOLESTIAE QUI QUAM PROVIDENT EST UT INCIDUNT ARCHITECTO. MOLESTIAE SUNT ILLO PARIATUR QUIS.', 'natalie.ernser@example.net', '+1 (754) 647-7861', '+1-989-454-5485', 'SUPERVISOR', 61, 'MODERADO', 'ACTIVO', 'default.png', '2022-10-29', '2022-10-29 17:05:55', '2022-10-29 17:05:55'),
(85, 'PROF. ASIA LAKIN SR.', 'BAILEY', '', '983112', 'LP', '2003-03-14', 1.77, 75.00, 'BOLIVIANO', 'AUT TOTAM LAUDANTIUM DEBITIS QUAS AUT LIBERO OMNIS.', 'keeley15@example.net', '+1-470-860-8092', '+12815970950', 'GUARDIA', 48, 'INTERMEDIO', 'ACTIVO', 'default.png', '2022-10-29', '2022-10-29 17:05:55', '2022-10-29 17:05:55'),
(86, 'COLLEEN SPINKA', 'REYNOLDS', '', '225679', 'PT', '2001-12-06', 1.69, 90.00, 'BOLIVIANO', 'LABORE NON NIHIL INVENTORE EIUS OMNIS VOLUPTATEM. VELIT QUIA EST OCCAECATI QUAS.', 'hand.imogene@example.net', '(740) 723-6703', '+1-339-726-6871', 'GUARDIA', 42, 'INTERMEDIO', 'ACTIVO', 'default.png', '2022-10-29', '2022-10-29 17:05:55', '2022-10-29 17:05:55'),
(87, 'BERTRAM ORN', 'MAYERT', '', '484297', 'CB', '2001-06-15', 1.82, 82.00, 'BOLIVIANO', 'RECUSANDAE NUMQUAM TEMPORIBUS AUT EUM ODIT AUT UT DOLOREM.', 'jaskolski.bertrand@example.org', '336.532.0460', '272.756.0372', 'SUPERVISOR', 81, 'EXPERTO', 'ACTIVO', 'default.png', '2022-10-29', '2022-10-29 17:05:55', '2022-10-29 17:05:55'),
(88, 'LENORE SATTERFIELD III', 'KRIS', '', '363752', 'OR', '1999-12-03', 1.74, 80.00, 'BOLIVIANO', 'SED CUM AUT OFFICIA CUMQUE TEMPORIBUS OFFICIIS.', 'jakayla00@example.org', '925-624-6328', '629-302-9843', 'SUPERVISOR', 82, 'EXPERTO', 'ACTIVO', 'default.png', '2022-10-29', '2022-10-29 17:05:55', '2022-10-29 17:05:55'),
(89, 'PATIENCE WEIMANN', 'BARTON', '', '280041', 'PT', '2002-07-24', 1.77, 78.00, 'BOLIVIANO', 'IPSUM VOLUPTAS NATUS TENETUR ALIQUAM DOLOR PERFERENDIS.', 'fay.zoie@example.org', '(458) 456-5369', '+18644685975', 'GUARDIA', 3, 'PRINCIPIANTE', 'ACTIVO', 'default.png', '2022-10-29', '2022-10-29 17:05:55', '2022-10-29 17:05:55'),
(90, 'HALIE BERGNAUM', 'WOLF', '', '246853', 'LP', '2001-11-09', 1.72, 83.00, 'BOLIVIANO', 'OMNIS AUT AUT DUCIMUS AUT.', 'kertzmann.alexanne@example.org', '660-432-2274', '(475) 891-9627', 'SUPERVISOR', 63, 'MODERADO', 'ACTIVO', 'default.png', '2022-10-29', '2022-10-29 17:05:55', '2022-10-29 17:05:55'),
(91, 'ILA HERZOG II', 'GOODWIN', '', '88232', 'PD', '2002-03-29', 1.80, 73.00, 'BOLIVIANO', 'QUAE VEL VOLUPTATES NIHIL QUASI NON ODIO.', 'wondricka@example.org', '724.327.1121', '+14252919105', 'SUPERVISOR', 67, 'MODERADO', 'ACTIVO', 'default.png', '2022-10-29', '2022-10-29 17:05:55', '2022-10-29 17:05:55'),
(92, 'ARDITH BEIER', 'SCHILLER', '', '101505', 'PD', '2000-02-16', 1.83, 81.00, 'BOLIVIANO', 'ANIMI ET EST MINIMA ODIT HIC. MODI MOLESTIAE UNDE OFFICIIS AUTEM REPELLENDUS PROVIDENT.', 'ona.nitzsche@example.com', '+1-970-301-0426', '+1-845-925-0858', 'GUARDIA', 83, 'EXPERTO', 'ACTIVO', 'default.png', '2022-10-29', '2022-10-29 17:05:55', '2022-10-29 17:05:55'),
(93, 'RICK WILDERMAN DDS', 'HUELS', '', '245416', 'SC', '2003-01-01', 1.74, 74.00, 'BOLIVIANO', 'EARUM SINT NON NON QUAM ET.', 'savanah.mclaughlin@example.com', '(314) 828-0473', '916.203.6209', 'SUPERVISOR', 52, 'MODERADO', 'ACTIVO', 'default.png', '2022-10-29', '2022-10-29 17:05:55', '2022-10-29 17:05:55'),
(94, 'DOMINGO KILBACK JR.', 'TURNER', '', '787977', 'TJ', '2002-01-20', 1.70, 85.00, 'BOLIVIANO', 'QUI DOLORIBUS QUI ASPERNATUR QUIA DOLORIBUS DIGNISSIMOS ACCUSAMUS. RATIONE SEQUI IPSUM EIUS NULLA INCIDUNT.', 'ookon@example.org', '+17408997034', '1-878-703-1881', 'SUPERVISOR', 37, 'INTERMEDIO', 'ACTIVO', 'default.png', '2022-10-29', '2022-10-29 17:05:55', '2022-10-29 17:05:55'),
(95, 'MISS HERTA EFFERTZ', 'JAKUBOWSKI', '', '804761', 'CB', '2001-12-06', 1.76, 79.00, 'BOLIVIANO', 'ELIGENDI SUNT VOLUPTATIBUS EUM NATUS. VOLUPTAS SINT PERSPICIATIS SEQUI MOLLITIA.', 'nbreitenberg@example.org', '+1 (682) 835-3348', '+1-712-327-5745', 'SUPERVISOR', 54, 'MODERADO', 'ACTIVO', 'default.png', '2022-10-29', '2022-10-29 17:05:55', '2022-10-29 17:05:55'),
(96, 'JAMESON TURNER', 'KEELING', '', '787508', 'SC', '2003-12-13', 1.73, 70.00, 'BOLIVIANO', 'DELECTUS MAIORES HIC DOLORIBUS.', 'kulas.justen@example.org', '+17476252128', '445-522-3251', 'SUPERVISOR', 5, 'PRINCIPIANTE', 'ACTIVO', 'default.png', '2022-10-29', '2022-10-29 17:05:55', '2022-10-29 17:05:55'),
(97, 'HORTENSE MACEJKOVIC IV', 'SMITH', '', '694034', 'OTRO', '2002-12-19', 1.85, 80.00, 'BOLIVIANO', 'UNDE NON PERFERENDIS MINIMA ANIMI DOLOR.', 'elissa.roob@example.net', '848.761.2686', '1-786-412-1452', 'GUARDIA', 12, 'PRINCIPIANTE', 'ACTIVO', 'default.png', '2022-10-29', '2022-10-29 17:05:55', '2022-10-29 17:05:55'),
(98, 'THEA WYMAN', 'HERZOG', '', '855908', 'BN', '2002-09-12', 1.85, 86.00, 'BOLIVIANO', 'ASSUMENDA ODIO TEMPORA VEL ID PORRO. VOLUPTATUM QUAERAT QUIA ANIMI VOLUPTATIBUS EVENIET IPSA.', 'odie00@example.org', '(786) 471-0289', '985-974-6115', 'GUARDIA', 72, 'MODERADO', 'ACTIVO', 'default.png', '2022-10-29', '2022-10-29 17:05:55', '2022-10-29 17:05:55'),
(99, 'CHRISTA KOSS', 'LEFFLER', '', '92609', 'TJ', '2003-08-11', 1.80, 81.00, 'BOLIVIANO', 'DELENITI ENIM VOLUPTATES ALIQUID. AUT SED MAXIME ET EOS.', 'wilderman.deonte@example.net', '1-385-259-1005', '+1-478-265-6175', 'SUPERVISOR', 82, 'EXPERTO', 'ACTIVO', 'default.png', '2022-10-29', '2022-10-29 17:05:55', '2022-10-29 17:05:55'),
(100, 'EDWARD LEANNON', 'HINTZ', '', '691293', 'CH', '2003-03-25', 1.85, 72.00, 'BOLIVIANO', 'QUIA VOLUPTATES IUSTO NECESSITATIBUS ELIGENDI IN. UT MINIMA NESCIUNT NON VOLUPTAS OFFICIA.', 'lenora47@example.net', '(234) 404-0457', '281-676-7184', 'GUARDIA', 67, 'MODERADO', 'ACTIVO', 'default.png', '2022-10-29', '2022-10-29 17:05:55', '2022-10-29 17:05:55'),
(101, 'DEMARIO CARROLL', 'KAUTZER', '', '604208', 'CH', '2003-02-20', 1.82, 83.00, 'BOLIVIANO', 'LABORE ET ALIQUAM ERROR EXPLICABO CONSECTETUR AB. CUMQUE RERUM ET CUMQUE ALIAS HARUM.', 'nbatz@example.net', '715.392.5125', '231-342-0987', 'SUPERVISOR', 95, 'EXPERTO', 'ACTIVO', 'default.png', '2022-10-29', '2022-10-29 17:05:55', '2022-10-29 17:05:55'),
(102, 'IZABELLA TOY PHD', 'MURPHY', '', '259431', 'OR', '2001-07-28', 1.71, 79.00, 'BOLIVIANO', 'MAGNI BEATAE NEMO IUSTO QUI CONSEQUATUR EST.', 'wparker@example.org', '+1-223-345-9590', '(845) 506-1161', 'SUPERVISOR', 18, 'PRINCIPIANTE', 'ACTIVO', 'default.png', '2022-10-29', '2022-10-29 17:05:55', '2022-10-29 17:05:55'),
(103, 'JEWEL POWLOWSKI', 'BEDNAR', '', '746654', 'LP', '2003-11-21', 1.78, 72.00, 'BOLIVIANO', 'ODIT NUMQUAM RATIONE DOLOR QUO EXCEPTURI OPTIO CUPIDITATE. ALIQUAM VOLUPTATEM MODI NIHIL EOS DESERUNT QUIA.', 'isac.pagac@example.org', '+1 (843) 574-8130', '+17796328994', 'GUARDIA', 57, 'MODERADO', 'ACTIVO', 'default.png', '2022-10-29', '2022-10-29 17:05:55', '2022-10-29 17:05:55'),
(104, 'LAURIE EFFERTZ', 'HEGMANN', '', '381654', 'BN', '1999-01-06', 1.88, 84.00, 'BOLIVIANO', 'PERFERENDIS VITAE VEL LIBERO FACERE QUI EXERCITATIONEM RERUM.', 'pwilliamson@example.net', '(317) 295-6400', '+18206500136', 'GUARDIA', 16, 'PRINCIPIANTE', 'ACTIVO', 'default.png', '2022-10-29', '2022-10-29 17:05:55', '2022-10-29 17:05:55'),
(105, 'KIRSTIN WALKER', 'PARISIAN', '', '692215', 'CB', '2002-06-11', 1.69, 87.00, 'BOLIVIANO', 'FUGA OFFICIIS EVENIET NEQUE ELIGENDI. DESERUNT REICIENDIS BLANDITIIS CONSEQUATUR VOLUPTATEM.', 'craig48@example.org', '925.434.7071', '+15203408946', 'GUARDIA', 10, 'PRINCIPIANTE', 'ACTIVO', 'default.png', '2022-10-29', '2022-10-29 17:05:56', '2022-10-29 17:05:56'),
(106, 'CARMELLA LAKIN', 'JASKOLSKI', '', '840210', 'PD', '2000-02-24', 1.86, 76.00, 'BOLIVIANO', 'QUASI VEL QUOS ET CUM OCCAECATI CUM OFFICIIS. SIT ALIAS UT A EXCEPTURI PERFERENDIS.', 'allison00@example.net', '+1 (740) 375-4345', '+16408015170', 'GUARDIA', 49, 'INTERMEDIO', 'ACTIVO', 'default.png', '2022-10-29', '2022-10-29 17:05:56', '2022-10-29 17:05:56'),
(107, 'MYAH VOLKMAN', 'FADEL', '', '458136', 'CB', '2000-11-27', 1.84, 78.00, 'BOLIVIANO', 'AUTEM VITAE ELIGENDI SINT OMNIS NUMQUAM LIBERO ET. EOS MAXIME AD RERUM NOBIS EUM PLACEAT.', 'bins.bo@example.net', '+13169917599', '+1 (571) 214-1020', 'SUPERVISOR', 6, 'PRINCIPIANTE', 'ACTIVO', 'default.png', '2022-10-29', '2022-10-29 17:05:56', '2022-10-29 17:05:56'),
(108, 'JORGE', 'SUAREZ', '', '9999', 'OTRO', '1999-03-03', 1.75, 80.00, 'BOLIVIANO', 'LOS OLIVOS', 'jorge@gmail.com', '222222', '7777777', 'GUARDIA', 95, 'EXPERTO', 'ACTIVO', 'default.png', '2022-10-29', '2022-10-29 17:08:13', '2022-10-29 17:08:13');

-- --------------------------------------------------------

--
-- Estructura de tabla para la tabla `personal_access_tokens`
--

CREATE TABLE `personal_access_tokens` (
  `id` bigint(20) UNSIGNED NOT NULL,
  `tokenable_type` varchar(255) COLLATE utf8mb4_unicode_ci NOT NULL,
  `tokenable_id` bigint(20) UNSIGNED NOT NULL,
  `name` varchar(255) COLLATE utf8mb4_unicode_ci NOT NULL,
  `token` varchar(64) COLLATE utf8mb4_unicode_ci NOT NULL,
  `abilities` text COLLATE utf8mb4_unicode_ci,
  `last_used_at` timestamp NULL DEFAULT NULL,
  `created_at` timestamp NULL DEFAULT NULL,
  `updated_at` timestamp NULL DEFAULT NULL
) ENGINE=InnoDB DEFAULT CHARSET=utf8mb4 COLLATE=utf8mb4_unicode_ci;

-- --------------------------------------------------------

--
-- Estructura de tabla para la tabla `puesto_vigilancias`
--

CREATE TABLE `puesto_vigilancias` (
  `id` bigint(20) UNSIGNED NOT NULL,
  `nombre` varchar(255) COLLATE utf8mb4_unicode_ci NOT NULL,
  `descripcion` text COLLATE utf8mb4_unicode_ci NOT NULL,
  `personal` int(11) NOT NULL,
  `nivel` varchar(255) COLLATE utf8mb4_unicode_ci NOT NULL,
  `propietario` varchar(255) COLLATE utf8mb4_unicode_ci NOT NULL,
  `estado` enum('ACTIVO','INACTIVO') COLLATE utf8mb4_unicode_ci NOT NULL,
  `fecha_registro` date NOT NULL,
  `created_at` timestamp NULL DEFAULT NULL,
  `updated_at` timestamp NULL DEFAULT NULL
) ENGINE=InnoDB DEFAULT CHARSET=utf8mb4 COLLATE=utf8mb4_unicode_ci;

--
-- Volcado de datos para la tabla `puesto_vigilancias`
--

INSERT INTO `puesto_vigilancias` (`id`, `nombre`, `descripcion`, `personal`, `nivel`, `propietario`, `estado`, `fecha_registro`, `created_at`, `updated_at`) VALUES
(1, 'PUESTO A', '', 15, 'ALTO', 'JUAN PERES', 'ACTIVO', '2022-09-23', '2022-09-23 17:00:48', '2022-10-29 17:24:36'),
(2, 'PUESTO B', '', 10, 'MEDIO', 'JORGE RAMIRES', 'ACTIVO', '2022-09-23', '2022-09-23 17:00:56', '2022-10-29 17:24:44'),
(3, 'PUESTO C', '', 6, 'BASICO', 'LUIS SUAREZ', 'ACTIVO', '2022-09-23', '2022-09-23 17:01:02', '2022-10-29 17:24:54'),
(5, 'PUESTO D', '', 6, 'BASICO', 'CARLOS RAMIRES', 'INACTIVO', '2022-10-29', '2022-10-29 17:18:31', '2022-10-31 16:07:38'),
(6, 'PUESTO E', '', 15, 'ALTO', 'ALFONSO RODRIGUEZ', 'INACTIVO', '2022-10-29', '2022-10-29 17:25:32', '2022-10-29 17:25:32');

-- --------------------------------------------------------

--
-- Estructura de tabla para la tabla `users`
--

CREATE TABLE `users` (
  `id` bigint(20) UNSIGNED NOT NULL,
  `usuario` varchar(255) COLLATE utf8mb4_unicode_ci NOT NULL,
  `nombre` varchar(255) COLLATE utf8mb4_unicode_ci NOT NULL,
  `paterno` varchar(255) COLLATE utf8mb4_unicode_ci NOT NULL,
  `materno` varchar(255) COLLATE utf8mb4_unicode_ci DEFAULT NULL,
  `ci` varchar(100) COLLATE utf8mb4_unicode_ci NOT NULL,
  `ci_exp` varchar(20) COLLATE utf8mb4_unicode_ci NOT NULL,
  `dir` varchar(255) COLLATE utf8mb4_unicode_ci NOT NULL,
  `correo` varchar(255) COLLATE utf8mb4_unicode_ci DEFAULT NULL,
  `fono` varchar(255) COLLATE utf8mb4_unicode_ci NOT NULL,
  `cel` varchar(255) COLLATE utf8mb4_unicode_ci NOT NULL,
  `password` varchar(255) COLLATE utf8mb4_unicode_ci NOT NULL,
  `tipo` enum('ADMINISTRADOR','SUPERVISOR') COLLATE utf8mb4_unicode_ci NOT NULL,
  `foto` varchar(255) COLLATE utf8mb4_unicode_ci DEFAULT NULL,
  `fecha_registro` date NOT NULL,
  `created_at` timestamp NULL DEFAULT NULL,
  `updated_at` timestamp NULL DEFAULT NULL
) ENGINE=InnoDB DEFAULT CHARSET=utf8mb4 COLLATE=utf8mb4_unicode_ci;

--
-- Volcado de datos para la tabla `users`
--

INSERT INTO `users` (`id`, `usuario`, `nombre`, `paterno`, `materno`, `ci`, `ci_exp`, `dir`, `correo`, `fono`, `cel`, `password`, `tipo`, `foto`, `fecha_registro`, `created_at`, `updated_at`) VALUES
(1, 'admin', 'admin', 'admin', NULL, '', '', '', 'admin@gmail.com', '0', '0', '$2y$10$cDSOdzTsMDQAfqcb6.WFtu40s.wmQ4Jl8poIwW69MSZnnedD3prKu', 'ADMINISTRADOR', 'default.png', '2022-09-16', NULL, NULL),
(2, 'JPERES', 'JUAN', 'PERES', '', '1234', 'LP', 'ZONA LOS OLIVOS CALLE 3 #3232', '', '2222222', '7777777', '$2y$10$zgJXSX8wtIbGV2iogFznZOex5p.SamEh7zJug9Uw/bGyTVm6QTfxa', 'ADMINISTRADOR', '1663954188_JPERES.jpg', '2022-09-19', '2022-09-19 19:35:02', '2022-09-23 17:29:48'),
(3, 'MPRADO', 'MARIA', 'PRADO', '', '2222', 'LP', 'ZONA LOS OLIVOS CALLE 3 #3232', 'maria@gmail.com', '222222', '7777777', '$2y$10$T/rKuV1AbDEkHz6J5dt.oO0ZMd6dI1AoBSPiy6PajVUMFRBmHrOZy', 'SUPERVISOR', '1663954513_MPRADO.jpg', '2022-09-19', '2022-09-19 19:36:18', '2022-09-23 17:35:13');

--
-- Índices para tablas volcadas
--

--
-- Indices de la tabla `asignacions`
--
ALTER TABLE `asignacions`
  ADD PRIMARY KEY (`id`),
  ADD KEY `asignacions_puesto_vigilancia_id_foreign` (`puesto_vigilancia_id`);

--
-- Indices de la tabla `asignacion_personals`
--
ALTER TABLE `asignacion_personals`
  ADD PRIMARY KEY (`id`),
  ADD KEY `asignacion_personals_asignacion_id_foreign` (`asignacion_id`),
  ADD KEY `asignacion_personals_personal_id_foreign` (`personal_id`);

--
-- Indices de la tabla `asistencias`
--
ALTER TABLE `asistencias`
  ADD PRIMARY KEY (`id`),
  ADD KEY `asistencias_personal_id_foreign` (`personal_id`);

--
-- Indices de la tabla `configuracions`
--
ALTER TABLE `configuracions`
  ADD PRIMARY KEY (`id`);

--
-- Indices de la tabla `generacions`
--
ALTER TABLE `generacions`
  ADD PRIMARY KEY (`id`);

--
-- Indices de la tabla `materials`
--
ALTER TABLE `materials`
  ADD PRIMARY KEY (`id`),
  ADD KEY `materials_puesto_vigilancia_id_foreign` (`puesto_vigilancia_id`);

--
-- Indices de la tabla `migrations`
--
ALTER TABLE `migrations`
  ADD PRIMARY KEY (`id`);

--
-- Indices de la tabla `personals`
--
ALTER TABLE `personals`
  ADD PRIMARY KEY (`id`);

--
-- Indices de la tabla `personal_access_tokens`
--
ALTER TABLE `personal_access_tokens`
  ADD PRIMARY KEY (`id`),
  ADD UNIQUE KEY `personal_access_tokens_token_unique` (`token`),
  ADD KEY `personal_access_tokens_tokenable_type_tokenable_id_index` (`tokenable_type`,`tokenable_id`);

--
-- Indices de la tabla `puesto_vigilancias`
--
ALTER TABLE `puesto_vigilancias`
  ADD PRIMARY KEY (`id`);

--
-- Indices de la tabla `users`
--
ALTER TABLE `users`
  ADD PRIMARY KEY (`id`);

--
-- AUTO_INCREMENT de las tablas volcadas
--

--
-- AUTO_INCREMENT de la tabla `asignacions`
--
ALTER TABLE `asignacions`
  MODIFY `id` bigint(20) UNSIGNED NOT NULL AUTO_INCREMENT, AUTO_INCREMENT=16;

--
-- AUTO_INCREMENT de la tabla `asignacion_personals`
--
ALTER TABLE `asignacion_personals`
  MODIFY `id` bigint(20) UNSIGNED NOT NULL AUTO_INCREMENT, AUTO_INCREMENT=126;

--
-- AUTO_INCREMENT de la tabla `asistencias`
--
ALTER TABLE `asistencias`
  MODIFY `id` bigint(20) UNSIGNED NOT NULL AUTO_INCREMENT, AUTO_INCREMENT=5;

--
-- AUTO_INCREMENT de la tabla `configuracions`
--
ALTER TABLE `configuracions`
  MODIFY `id` bigint(20) UNSIGNED NOT NULL AUTO_INCREMENT, AUTO_INCREMENT=2;

--
-- AUTO_INCREMENT de la tabla `generacions`
--
ALTER TABLE `generacions`
  MODIFY `id` bigint(20) UNSIGNED NOT NULL AUTO_INCREMENT, AUTO_INCREMENT=2;

--
-- AUTO_INCREMENT de la tabla `materials`
--
ALTER TABLE `materials`
  MODIFY `id` bigint(20) UNSIGNED NOT NULL AUTO_INCREMENT, AUTO_INCREMENT=4;

--
-- AUTO_INCREMENT de la tabla `migrations`
--
ALTER TABLE `migrations`
  MODIFY `id` int(10) UNSIGNED NOT NULL AUTO_INCREMENT, AUTO_INCREMENT=14;

--
-- AUTO_INCREMENT de la tabla `personals`
--
ALTER TABLE `personals`
  MODIFY `id` bigint(20) UNSIGNED NOT NULL AUTO_INCREMENT, AUTO_INCREMENT=109;

--
-- AUTO_INCREMENT de la tabla `personal_access_tokens`
--
ALTER TABLE `personal_access_tokens`
  MODIFY `id` bigint(20) UNSIGNED NOT NULL AUTO_INCREMENT;

--
-- AUTO_INCREMENT de la tabla `puesto_vigilancias`
--
ALTER TABLE `puesto_vigilancias`
  MODIFY `id` bigint(20) UNSIGNED NOT NULL AUTO_INCREMENT, AUTO_INCREMENT=7;

--
-- AUTO_INCREMENT de la tabla `users`
--
ALTER TABLE `users`
  MODIFY `id` bigint(20) UNSIGNED NOT NULL AUTO_INCREMENT, AUTO_INCREMENT=4;

--
-- Restricciones para tablas volcadas
--

--
-- Filtros para la tabla `asignacions`
--
ALTER TABLE `asignacions`
  ADD CONSTRAINT `asignacions_puesto_vigilancia_id_foreign` FOREIGN KEY (`puesto_vigilancia_id`) REFERENCES `puesto_vigilancias` (`id`);

--
-- Filtros para la tabla `asignacion_personals`
--
ALTER TABLE `asignacion_personals`
  ADD CONSTRAINT `asignacion_personals_asignacion_id_foreign` FOREIGN KEY (`asignacion_id`) REFERENCES `asignacions` (`id`),
  ADD CONSTRAINT `asignacion_personals_personal_id_foreign` FOREIGN KEY (`personal_id`) REFERENCES `personals` (`id`);

--
-- Filtros para la tabla `asistencias`
--
ALTER TABLE `asistencias`
  ADD CONSTRAINT `asistencias_personal_id_foreign` FOREIGN KEY (`personal_id`) REFERENCES `personals` (`id`);

--
-- Filtros para la tabla `materials`
--
ALTER TABLE `materials`
  ADD CONSTRAINT `materials_puesto_vigilancia_id_foreign` FOREIGN KEY (`puesto_vigilancia_id`) REFERENCES `puesto_vigilancias` (`id`);
COMMIT;

/*!40101 SET CHARACTER_SET_CLIENT=@OLD_CHARACTER_SET_CLIENT */;
/*!40101 SET CHARACTER_SET_RESULTS=@OLD_CHARACTER_SET_RESULTS */;
/*!40101 SET COLLATION_CONNECTION=@OLD_COLLATION_CONNECTION */;
