-- phpMyAdmin SQL Dump
-- version 5.1.1
-- https://www.phpmyadmin.net/
--
-- Servidor: localhost:3306
-- Tiempo de generación: 01-11-2022 a las 17:03:19
-- Versión del servidor: 5.7.33
-- Versión de PHP: 7.4.19

SET SQL_MODE = "NO_AUTO_VALUE_ON_ZERO";
START TRANSACTION;
SET time_zone = "+00:00";


/*!40101 SET @OLD_CHARACTER_SET_CLIENT=@@CHARACTER_SET_CLIENT */;
/*!40101 SET @OLD_CHARACTER_SET_RESULTS=@@CHARACTER_SET_RESULTS */;
/*!40101 SET @OLD_COLLATION_CONNECTION=@@COLLATION_CONNECTION */;
/*!40101 SET NAMES utf8mb4 */;

--
-- Base de datos: `sisgen_db`
--

-- --------------------------------------------------------

--
-- Estructura de tabla para la tabla `asignacions`
--

CREATE TABLE `asignacions` (
  `id` bigint(20) UNSIGNED NOT NULL,
  `generacion_id` bigint(20) UNSIGNED NOT NULL,
  `puesto_vigilancia_id` bigint(20) UNSIGNED NOT NULL,
  `fecha_registro` date NOT NULL,
  `created_at` timestamp NULL DEFAULT NULL,
  `updated_at` timestamp NULL DEFAULT NULL
) ENGINE=InnoDB DEFAULT CHARSET=utf8mb4 COLLATE=utf8mb4_unicode_ci;

--
-- Volcado de datos para la tabla `asignacions`
--

INSERT INTO `asignacions` (`id`, `generacion_id`, `puesto_vigilancia_id`, `fecha_registro`, `created_at`, `updated_at`) VALUES
(1, 1, 1, '2022-11-01', '2022-11-01 17:01:12', '2022-11-01 17:01:12'),
(2, 1, 2, '2022-11-01', '2022-11-01 17:01:12', '2022-11-01 17:01:12'),
(3, 1, 3, '2022-11-01', '2022-11-01 17:01:12', '2022-11-01 17:01:12');

-- --------------------------------------------------------

--
-- Estructura de tabla para la tabla `asignacion_personals`
--

CREATE TABLE `asignacion_personals` (
  `id` bigint(20) UNSIGNED NOT NULL,
  `asignacion_id` bigint(20) UNSIGNED NOT NULL,
  `personal_id` bigint(20) UNSIGNED NOT NULL,
  `tipo_personal` varchar(255) COLLATE utf8mb4_unicode_ci NOT NULL,
  `created_at` timestamp NULL DEFAULT NULL,
  `updated_at` timestamp NULL DEFAULT NULL
) ENGINE=InnoDB DEFAULT CHARSET=utf8mb4 COLLATE=utf8mb4_unicode_ci;

--
-- Volcado de datos para la tabla `asignacion_personals`
--

INSERT INTO `asignacion_personals` (`id`, `asignacion_id`, `personal_id`, `tipo_personal`, `created_at`, `updated_at`) VALUES
(1, 1, 30, 'SUPERVISOR', '2022-11-01 17:01:12', '2022-11-01 17:01:12'),
(2, 1, 21, 'SUPERVISOR', '2022-11-01 17:01:12', '2022-11-01 17:01:12'),
(3, 1, 34, 'SUPERVISOR', '2022-11-01 17:01:12', '2022-11-01 17:01:12'),
(4, 1, 86, 'SUPERVISOR', '2022-11-01 17:01:12', '2022-11-01 17:01:12'),
(5, 1, 64, 'GUARDIA', '2022-11-01 17:01:12', '2022-11-01 17:01:12'),
(6, 1, 1, 'GUARDIA', '2022-11-01 17:01:12', '2022-11-01 17:01:12'),
(7, 1, 37, 'GUARDIA', '2022-11-01 17:01:12', '2022-11-01 17:01:12'),
(8, 1, 58, 'GUARDIA', '2022-11-01 17:01:12', '2022-11-01 17:01:12'),
(9, 1, 23, 'GUARDIA', '2022-11-01 17:01:12', '2022-11-01 17:01:12'),
(10, 1, 5, 'GUARDIA', '2022-11-01 17:01:12', '2022-11-01 17:01:12'),
(11, 1, 2, 'GUARDIA', '2022-11-01 17:01:12', '2022-11-01 17:01:12'),
(12, 2, 103, 'SUPERVISOR', '2022-11-01 17:01:12', '2022-11-01 17:01:12'),
(13, 2, 106, 'SUPERVISOR', '2022-11-01 17:01:12', '2022-11-01 17:01:12'),
(14, 2, 77, 'SUPERVISOR', '2022-11-01 17:01:12', '2022-11-01 17:01:12'),
(15, 2, 87, 'GUARDIA', '2022-11-01 17:01:12', '2022-11-01 17:01:12'),
(16, 2, 17, 'GUARDIA', '2022-11-01 17:01:12', '2022-11-01 17:01:12'),
(17, 2, 7, 'GUARDIA', '2022-11-01 17:01:12', '2022-11-01 17:01:12'),
(18, 2, 62, 'GUARDIA', '2022-11-01 17:01:12', '2022-11-01 17:01:12'),
(19, 3, 42, 'SUPERVISOR', '2022-11-01 17:01:12', '2022-11-01 17:01:12'),
(20, 3, 97, 'SUPERVISOR', '2022-11-01 17:01:12', '2022-11-01 17:01:12'),
(21, 3, 65, 'GUARDIA', '2022-11-01 17:01:12', '2022-11-01 17:01:12'),
(22, 3, 6, 'GUARDIA', '2022-11-01 17:01:12', '2022-11-01 17:01:12');

-- --------------------------------------------------------

--
-- Estructura de tabla para la tabla `asistencias`
--

CREATE TABLE `asistencias` (
  `id` bigint(20) UNSIGNED NOT NULL,
  `personal_id` bigint(20) UNSIGNED NOT NULL,
  `tipo` enum('INGRESO','SALIDA') COLLATE utf8mb4_unicode_ci NOT NULL,
  `hora` time NOT NULL,
  `fecha` date NOT NULL,
  `fecha_registro` date NOT NULL,
  `created_at` timestamp NULL DEFAULT NULL,
  `updated_at` timestamp NULL DEFAULT NULL
) ENGINE=InnoDB DEFAULT CHARSET=utf8mb4 COLLATE=utf8mb4_unicode_ci;

--
-- Volcado de datos para la tabla `asistencias`
--

INSERT INTO `asistencias` (`id`, `personal_id`, `tipo`, `hora`, `fecha`, `fecha_registro`, `created_at`, `updated_at`) VALUES
(1, 1, 'INGRESO', '13:28:44', '2022-09-23', '2022-09-23', '2022-09-23 17:28:46', '2022-09-23 17:28:46'),
(2, 1, 'SALIDA', '13:28:48', '2022-09-23', '2022-09-23', '2022-09-23 17:28:50', '2022-09-23 17:28:50'),
(3, 2, 'INGRESO', '13:34:39', '2022-09-23', '2022-09-23', '2022-09-23 17:34:42', '2022-09-23 17:34:42'),
(4, 2, 'SALIDA', '13:34:43', '2022-09-23', '2022-09-23', '2022-09-23 17:34:46', '2022-09-23 17:34:46');

-- --------------------------------------------------------

--
-- Estructura de tabla para la tabla `configuracions`
--

CREATE TABLE `configuracions` (
  `id` bigint(20) UNSIGNED NOT NULL,
  `nombre_sistema` varchar(255) COLLATE utf8mb4_unicode_ci NOT NULL,
  `alias` varchar(255) COLLATE utf8mb4_unicode_ci DEFAULT NULL,
  `razon_social` varchar(255) COLLATE utf8mb4_unicode_ci NOT NULL,
  `nit` varchar(255) COLLATE utf8mb4_unicode_ci NOT NULL,
  `ciudad` varchar(255) COLLATE utf8mb4_unicode_ci NOT NULL,
  `dir` varchar(255) COLLATE utf8mb4_unicode_ci NOT NULL,
  `fono` varchar(255) COLLATE utf8mb4_unicode_ci NOT NULL,
  `web` varchar(255) COLLATE utf8mb4_unicode_ci DEFAULT NULL,
  `actividad_economica` varchar(255) COLLATE utf8mb4_unicode_ci NOT NULL,
  `correo` varchar(255) COLLATE utf8mb4_unicode_ci DEFAULT NULL,
  `logo` varchar(255) COLLATE utf8mb4_unicode_ci DEFAULT NULL,
  `created_at` timestamp NULL DEFAULT NULL,
  `updated_at` timestamp NULL DEFAULT NULL
) ENGINE=InnoDB DEFAULT CHARSET=utf8mb4 COLLATE=utf8mb4_unicode_ci;

--
-- Volcado de datos para la tabla `configuracions`
--

INSERT INTO `configuracions` (`id`, `nombre_sistema`, `alias`, `razon_social`, `nit`, `ciudad`, `dir`, `fono`, `web`, `actividad_economica`, `correo`, `logo`, `created_at`, `updated_at`) VALUES
(1, 'SISGEN', 'SG', 'EMPRESA DE PRUEBA \"SISGEN\"', '111111111111', 'LA PAZ', 'ZONA LOS OLIVOS', '2222222', '', 'ACTIVIDAD ECONOMICA', 'SISGEN@GMAIL.COM', '1663601019_logo.png', NULL, '2022-09-19 15:52:13');

-- --------------------------------------------------------

--
-- Estructura de tabla para la tabla `generacions`
--

CREATE TABLE `generacions` (
  `id` bigint(20) UNSIGNED NOT NULL,
  `fecha` date NOT NULL,
  `created_at` timestamp NULL DEFAULT NULL,
  `updated_at` timestamp NULL DEFAULT NULL
) ENGINE=InnoDB DEFAULT CHARSET=utf8mb4 COLLATE=utf8mb4_unicode_ci;

--
-- Volcado de datos para la tabla `generacions`
--

INSERT INTO `generacions` (`id`, `fecha`, `created_at`, `updated_at`) VALUES
(1, '2022-11-01', '2022-11-01 17:01:12', '2022-11-01 17:01:12');

-- --------------------------------------------------------

--
-- Estructura de tabla para la tabla `materials`
--

CREATE TABLE `materials` (
  `id` bigint(20) UNSIGNED NOT NULL,
  `codigo` varchar(255) COLLATE utf8mb4_unicode_ci NOT NULL,
  `nombre` varchar(255) COLLATE utf8mb4_unicode_ci NOT NULL,
  `descripcion` text COLLATE utf8mb4_unicode_ci,
  `propietario` varchar(255) COLLATE utf8mb4_unicode_ci NOT NULL,
  `puesto_vigilancia_id` bigint(20) UNSIGNED NOT NULL,
  `fecha_registro` date NOT NULL,
  `created_at` timestamp NULL DEFAULT NULL,
  `updated_at` timestamp NULL DEFAULT NULL
) ENGINE=InnoDB DEFAULT CHARSET=utf8mb4 COLLATE=utf8mb4_unicode_ci;

--
-- Volcado de datos para la tabla `materials`
--

INSERT INTO `materials` (`id`, `codigo`, `nombre`, `descripcion`, `propietario`, `puesto_vigilancia_id`, `fecha_registro`, `created_at`, `updated_at`) VALUES
(1, 'M01', 'MATERIAL A', '', 'JUAN PERES', 1, '2022-09-19', '2022-09-19 20:14:55', '2022-09-19 20:14:55'),
(2, 'M02', 'MATERIAL B', 'DESCRIPCION DEL MATERIAL', 'JUAN PERES', 2, '2022-09-19', '2022-09-19 20:15:44', '2022-09-19 20:16:24'),
(3, 'M03', 'MATERIAL C', '', 'JUAN PERES', 3, '2022-09-19', '2022-09-19 20:16:44', '2022-09-19 20:16:44');

-- --------------------------------------------------------

--
-- Estructura de tabla para la tabla `migrations`
--

CREATE TABLE `migrations` (
  `id` int(10) UNSIGNED NOT NULL,
  `migration` varchar(255) COLLATE utf8mb4_unicode_ci NOT NULL,
  `batch` int(11) NOT NULL
) ENGINE=InnoDB DEFAULT CHARSET=utf8mb4 COLLATE=utf8mb4_unicode_ci;

--
-- Volcado de datos para la tabla `migrations`
--

INSERT INTO `migrations` (`id`, `migration`, `batch`) VALUES
(1, '2014_10_12_000000_create_users_table', 1),
(2, '2019_12_14_000001_create_personal_access_tokens_table', 1),
(3, '2022_09_16_140348_create_configuracions_table', 1),
(4, '2022_09_16_140450_create_personals_table', 1),
(5, '2022_09_16_140500_create_puesto_vigilancias_table', 1),
(6, '2022_09_16_140501_create_materials_table', 1),
(8, '2022_09_16_140851_create_generacions_table', 1),
(10, '2022_09_16_140534_create_asistencias_table', 2),
(11, '2022_09_16_140902_create_asignacions_table', 3),
(12, '2022_09_16_140903_create_asignacion_personals_table', 4),
(13, '2022_09_16_140901_create_generacions_table', 5),
(14, '2022_11_01_095926_create_valoracion_puestos_table', 6),
(15, '2022_11_01_100027_create_valoracion_personals_table', 7);

-- --------------------------------------------------------

--
-- Estructura de tabla para la tabla `personals`
--

CREATE TABLE `personals` (
  `id` bigint(20) UNSIGNED NOT NULL,
  `nombre` varchar(255) COLLATE utf8mb4_unicode_ci NOT NULL,
  `paterno` varchar(255) COLLATE utf8mb4_unicode_ci NOT NULL,
  `materno` varchar(255) COLLATE utf8mb4_unicode_ci DEFAULT NULL,
  `ci` varchar(100) COLLATE utf8mb4_unicode_ci NOT NULL,
  `ci_exp` varchar(20) COLLATE utf8mb4_unicode_ci NOT NULL,
  `fecha_nacimiento` date NOT NULL,
  `estatura` double(8,2) NOT NULL,
  `peso` double(8,2) NOT NULL,
  `nacionalidad` varchar(255) COLLATE utf8mb4_unicode_ci NOT NULL,
  `dir` varchar(255) COLLATE utf8mb4_unicode_ci NOT NULL,
  `correo` varchar(255) COLLATE utf8mb4_unicode_ci NOT NULL,
  `fono` varchar(155) COLLATE utf8mb4_unicode_ci NOT NULL,
  `cel` varchar(155) COLLATE utf8mb4_unicode_ci NOT NULL,
  `tipo` enum('SUPERVISOR','GUARDIA') COLLATE utf8mb4_unicode_ci NOT NULL,
  `puntuacion_habilidad` int(11) NOT NULL,
  `habilidad` enum('EXPERTO','MODERADO','INTERMEDIO','PRINCIPIANTE') COLLATE utf8mb4_unicode_ci NOT NULL,
  `estado` enum('ACTIVO','INACTIVO') COLLATE utf8mb4_unicode_ci NOT NULL,
  `foto` varchar(255) COLLATE utf8mb4_unicode_ci DEFAULT NULL,
  `fecha_registro` date NOT NULL,
  `created_at` timestamp NULL DEFAULT NULL,
  `updated_at` timestamp NULL DEFAULT NULL
) ENGINE=InnoDB DEFAULT CHARSET=utf8mb4 COLLATE=utf8mb4_unicode_ci;

--
-- Volcado de datos para la tabla `personals`
--

INSERT INTO `personals` (`id`, `nombre`, `paterno`, `materno`, `ci`, `ci_exp`, `fecha_nacimiento`, `estatura`, `peso`, `nacionalidad`, `dir`, `correo`, `fono`, `cel`, `tipo`, `puntuacion_habilidad`, `habilidad`, `estado`, `foto`, `fecha_registro`, `created_at`, `updated_at`) VALUES
(1, 'PEDRO', 'RAMIRES', '', '1231231', 'LP', '2000-01-01', 1.76, 80.00, 'BOLIVIANO', 'LOS OLIVOS', 'pedro@gmail.com', '222222', '7777777', 'GUARDIA', 6, 'INTERMEDIO', 'ACTIVO', '1667241572_.jpg', '2022-09-23', '2022-09-23 16:56:39', '2022-11-01 15:20:28'),
(2, 'JUAN', 'ALVARES', 'RAMOS', '323232', 'CB', '1999-01-01', 1.80, 86.00, 'BOLIVIANO', 'LOS OLIVOS', 'juan@gmail.coma', '32232323', '88888888', 'GUARDIA', 5, 'INTERMEDIO', 'ACTIVO', '1667241577_.jpg', '2022-09-23', '2022-09-23 16:57:12', '2022-11-01 16:40:00'),
(3, 'ALBERTO', 'GONZALES', '', '32234234', 'LP', '1999-02-02', 1.70, 76.00, 'BOLIVIANO', 'LOS OLIVOS', 'alberto@gmail.coma', '222222', '7777777', 'SUPERVISOR', 11, 'MODERADO', 'ACTIVO', 'default.png', '2022-09-23', '2022-09-23 16:57:47', '2022-11-01 15:20:41'),
(4, 'JORGE', 'ESTRADA', '', '34223232223', 'CB', '1998-03-03', 1.80, 80.00, 'BOLIVIANO', 'LOS OLIVOS', 'jorge@gmail.coma', '22222', '777777', 'SUPERVISOR', 12, 'EXPERTO', 'ACTIVO', 'default.png', '2022-09-23', '2022-09-23 16:58:25', '2022-11-01 15:20:44'),
(5, 'CARLOS', 'CAMACHO', '', '3223232', 'SC', '1997-04-04', 1.70, 74.00, 'BOLIVIANO', 'LOS OLIVOS', 'carlos@gmail.com', '22222', '77777', 'GUARDIA', 4, 'INTERMEDIO', 'ACTIVO', '1667241582_.jpg', '2022-09-23', '2022-09-23 16:59:00', '2022-11-01 15:20:50'),
(6, 'SANDRO', 'RAMIRES', '', '433434', 'SC', '1999-04-04', 1.70, 75.00, 'BOLIVIANO', 'LOS OLIVOS', 'sandro@gmail.com', '22222', '777777', 'GUARDIA', 2, 'PRINCIPIANTE', 'ACTIVO', 'default.png', '2022-09-23', '2022-09-23 16:59:33', '2022-11-01 15:20:55'),
(7, 'LUIS', 'CASTRO', '', '43343', 'SC', '1999-05-04', 1.86, 90.00, 'BOLIVIANO', 'LOS OLIVOS', 'luis@gmail.com', '222222', '777777', 'GUARDIA', 5, 'INTERMEDIO', 'ACTIVO', 'default.png', '2022-09-23', '2022-09-23 17:00:09', '2022-11-01 15:20:58'),
(8, 'JORGE', 'PEDRAZA', '', '99999', 'LP', '2000-01-01', 1.76, 77.00, 'BOLIVIANO', 'LOS OLIVOS', 'jorge@gmail.com', '22222', '7777777', 'SUPERVISOR', 10, 'MODERADO', 'ACTIVO', 'default.png', '2022-11-01', '2022-11-01 15:14:58', '2022-11-01 15:21:02'),
(9, 'CRAIG CREMIN', 'GREENHOLT', '', '606123', 'CH', '1999-06-18', 1.79, 87.00, 'BOLIVIANO', 'POSSIMUS ET ATQUE OMNIS ET ASPERIORES. NON NOSTRUM VEL QUISQUAM SIT REM ESSE.', 'allison.bernhard@example.net', '+1 (541) 520-4869', '+14844249459', 'SUPERVISOR', 11, 'MODERADO', 'ACTIVO', 'default.png', '2022-11-01', '2022-11-01 15:15:58', '2022-11-01 15:21:07'),
(10, 'MARION PURDY', 'MARQUARDT', '', '323597', 'SC', '1999-11-04', 1.73, 73.00, 'BOLIVIANO', 'VOLUPTAS UT FACILIS FUGIAT SIT ALIQUID TEMPORE LABORE DOLORE. SIT ET VITAE UT ET EVENIET AUT.', 'qhahn@example.net', '1-248-957-3703', '(409) 329-3093', 'SUPERVISOR', 14, 'EXPERTO', 'ACTIVO', 'default.png', '2022-11-01', '2022-11-01 15:15:58', '2022-11-01 15:21:16'),
(11, 'BRIONNA DAVIS', 'GRADY', '', '457124', 'PT', '2003-04-29', 1.72, 73.00, 'BOLIVIANO', 'EXERCITATIONEM QUAS CUMQUE NIHIL NAM DELECTUS NULLA ACCUSAMUS.', 'janelle89@example.com', '+1 (478) 501-8574', '757.554.7054', 'SUPERVISOR', 44, 'EXPERTO', 'ACTIVO', 'default.png', '2022-11-01', '2022-11-01 15:15:58', '2022-11-01 15:15:58'),
(12, 'SHANIE REYNOLDS JR.', 'HAUCK', '', '178539', 'OR', '2003-01-14', 1.72, 71.00, 'BOLIVIANO', 'PARIATUR SUNT SED QUIS QUI.', 'alexis.stamm@example.com', '1-408-543-5543', '+1-650-499-0188', 'SUPERVISOR', 43, 'EXPERTO', 'ACTIVO', 'default.png', '2022-11-01', '2022-11-01 15:15:58', '2022-11-01 15:15:58'),
(13, 'PROF. TYSON GLOVER PHD', 'LANG', '', '625852', 'CH', '2000-06-27', 1.75, 72.00, 'BOLIVIANO', 'EXPEDITA ARCHITECTO VOLUPTATEM NON ADIPISCI. DOLOR ET ODIO QUAERAT EA.', 'herminia.jerde@example.org', '+1-305-989-2624', '+1.458.825.4810', 'SUPERVISOR', 23, 'EXPERTO', 'ACTIVO', 'default.png', '2022-11-01', '2022-11-01 15:15:58', '2022-11-01 15:15:58'),
(14, 'SCHUYLER SWANIAWSKI', 'KESSLER', '', '511612', 'OR', '2002-03-08', 1.77, 70.00, 'BOLIVIANO', 'HIC IPSUM FUGA SIMILIQUE VOLUPTATEM UT ALIQUAM. QUIA VOLUPTAS IURE AUT.', 'cooper.marvin@example.net', '970.435.5792', '1-347-967-0616', 'SUPERVISOR', 40, 'EXPERTO', 'ACTIVO', 'default.png', '2022-11-01', '2022-11-01 15:15:58', '2022-11-01 15:15:58'),
(15, 'PROF. BENJAMIN GOODWIN V', 'HAUCK', '', '245825', 'OTRO', '2001-02-09', 1.82, 71.00, 'BOLIVIANO', 'FACERE TOTAM VENIAM VERITATIS CONSEQUATUR VITAE VEL INVENTORE. ATQUE ET IPSUM ODIO ACCUSAMUS SED SINT.', 'grant.ismael@example.com', '+1-870-884-3248', '+1 (559) 374-0406', 'SUPERVISOR', 8, 'MODERADO', 'ACTIVO', 'default.png', '2022-11-01', '2022-11-01 15:15:58', '2022-11-01 15:15:58'),
(16, 'KENDALL KAUTZER', 'SCHAMBERGER', '', '529880', 'PD', '2002-12-17', 1.71, 81.00, 'BOLIVIANO', 'LAUDANTIUM VOLUPTATUM FUGIT UT OCCAECATI. TENETUR FUGIAT DOLORE MOLLITIA ENIM APERIAM EST.', 'ischuster@example.com', '1-907-978-6778', '+1 (603) 776-9580', 'SUPERVISOR', 30, 'EXPERTO', 'ACTIVO', 'default.png', '2022-11-01', '2022-11-01 15:15:58', '2022-11-01 15:15:58'),
(17, 'STAN MOSCISKI DVM', 'KIHN', '', '690286', 'OR', '2001-01-04', 1.72, 84.00, 'BOLIVIANO', 'QUO DOLOREMQUE TENETUR DESERUNT VELIT EVENIET EA RATIONE.', 'hackett.susan@example.com', '864-212-7888', '(804) 463-8928', 'GUARDIA', 6, 'INTERMEDIO', 'ACTIVO', 'default.png', '2022-11-01', '2022-11-01 15:15:58', '2022-11-01 15:15:58'),
(18, 'ERICKA BEIER', 'TURNER', '', '887606', 'PT', '2000-02-04', 1.86, 82.00, 'BOLIVIANO', 'UT ESSE UT ANIMI OMNIS ENIM ACCUSANTIUM IPSUM. COMMODI EST CUPIDITATE ET MODI.', 'gorczany.america@example.org', '864.664.7198', '+1.364.554.5738', 'SUPERVISOR', 80, 'EXPERTO', 'ACTIVO', 'default.png', '2022-11-01', '2022-11-01 15:15:58', '2022-11-01 15:15:58'),
(19, 'DELIA PARISIAN', 'HARTMANN', '', '978191', 'CH', '2002-05-10', 1.76, 89.00, 'BOLIVIANO', 'ASPERNATUR IPSUM REPREHENDERIT MOLESTIAE ACCUSAMUS UT ISTE. IPSA AUT TEMPORIBUS ET.', 'ted63@example.org', '(754) 881-2287', '803.225.8127', 'SUPERVISOR', 87, 'EXPERTO', 'ACTIVO', 'default.png', '2022-11-01', '2022-11-01 15:15:58', '2022-11-01 15:15:58'),
(20, 'DR. KELLI OSINSKI DDS', 'WILLMS', '', '381589', 'PD', '2000-08-17', 1.83, 76.00, 'BOLIVIANO', 'TOTAM INVENTORE ODIO VOLUPTAS QUOS.', 'rohan.dario@example.net', '947-695-3412', '941-750-8094', 'SUPERVISOR', 39, 'EXPERTO', 'ACTIVO', 'default.png', '2022-11-01', '2022-11-01 15:15:58', '2022-11-01 15:15:58'),
(21, 'BOBBY MAYERT DDS', 'DUBUQUE', '', '977330', 'CB', '2002-04-09', 1.68, 76.00, 'BOLIVIANO', 'MAXIME EXERCITATIONEM ATQUE AUT ID REPELLAT TENETUR. NAM RERUM DOLORUM VOLUPTATEM ET LAUDANTIUM EST.', 'bridie62@example.org', '+1-409-294-0356', '1-323-429-2982', 'SUPERVISOR', 12, 'EXPERTO', 'ACTIVO', 'default.png', '2022-11-01', '2022-11-01 15:15:58', '2022-11-01 15:15:58'),
(22, 'ROGERS SCHULIST SR.', 'ZEMLAK', '', '613945', 'CH', '1999-02-28', 1.79, 80.00, 'BOLIVIANO', 'DELECTUS EXCEPTURI COMMODI QUIDEM QUOS FUGIT.', 'kariane.goyette@example.net', '404.227.0870', '+1.503.758.0537', 'SUPERVISOR', 45, 'EXPERTO', 'ACTIVO', 'default.png', '2022-11-01', '2022-11-01 15:15:58', '2022-11-01 15:15:58'),
(23, 'ADOLPHUS STAMM II', 'SCHULTZ', '', '718253', 'TJ', '2001-03-09', 1.76, 82.00, 'BOLIVIANO', 'EIUS PORRO QUO DIGNISSIMOS VOLUPTATEM NESCIUNT ID OFFICIIS.', 'gborer@example.net', '+1 (941) 450-4254', '+1.580.259.4019', 'GUARDIA', 5, 'INTERMEDIO', 'ACTIVO', 'default.png', '2022-11-01', '2022-11-01 15:15:58', '2022-11-01 15:15:58'),
(24, 'PROF. BERNIE KOZEY', 'CARTER', '', '261141', 'TJ', '2001-11-16', 1.83, 85.00, 'BOLIVIANO', 'ET DELECTUS DELENITI SUSCIPIT MAGNAM NON DOLORE ALIQUID. EST IMPEDIT CONSEQUATUR REPELLENDUS NIHIL.', 'cronin.roy@example.com', '+1.432.647.0199', '+17374394354', 'SUPERVISOR', 66, 'EXPERTO', 'ACTIVO', 'default.png', '2022-11-01', '2022-11-01 15:15:58', '2022-11-01 15:15:58'),
(25, 'PROF. JUSTEN MCDERMOTT SR.', 'HIRTHE', '', '826238', 'OTRO', '1999-08-09', 1.67, 84.00, 'BOLIVIANO', 'EST IN LABORUM SIT A QUI VOLUPTAS. SIT APERIAM ASSUMENDA EAQUE NECESSITATIBUS REPUDIANDAE VITAE.', 'alva71@example.org', '210.261.6677', '337.367.8298', 'SUPERVISOR', 80, 'EXPERTO', 'ACTIVO', 'default.png', '2022-11-01', '2022-11-01 15:15:58', '2022-11-01 15:15:58'),
(26, 'MISS MARTINE JOHNS', 'WOLF', '', '926943', 'BN', '2003-03-17', 1.66, 73.00, 'BOLIVIANO', 'CONSECTETUR ALIAS DOLORES ELIGENDI DOLORES COMMODI. DESERUNT ET MOLESTIAE DOLOR NON.', 'david.jenkins@example.com', '818.767.8692', '386-291-5983', 'SUPERVISOR', 63, 'EXPERTO', 'ACTIVO', 'default.png', '2022-11-01', '2022-11-01 15:15:58', '2022-11-01 15:15:58'),
(27, 'MR. JOVANI BATZ I', 'HUEL', '', '980304', 'OTRO', '2003-12-09', 1.90, 79.00, 'BOLIVIANO', 'ALIQUID ET ASPERNATUR DOLORUM QUI ODIT QUI EOS.', 'letha36@example.net', '+1-272-820-9171', '+1-743-386-0991', 'SUPERVISOR', 70, 'EXPERTO', 'ACTIVO', 'default.png', '2022-11-01', '2022-11-01 15:15:58', '2022-11-01 15:15:58'),
(28, 'HARDY SCHUPPE', 'PFANNERSTILL', '', '569915', 'PD', '2003-05-05', 1.75, 84.00, 'BOLIVIANO', 'NOBIS VENIAM VELIT AUT ILLO ACCUSANTIUM VERO. A EAQUE MOLESTIAE SUNT MOLESTIAE SINT VELIT.', 'jovani79@example.com', '+1 (212) 284-0481', '479-929-5766', 'SUPERVISOR', 26, 'EXPERTO', 'ACTIVO', 'default.png', '2022-11-01', '2022-11-01 15:15:58', '2022-11-01 15:15:58'),
(29, 'DR. PATSY MURAZIK', 'FRAMI', '', '772785', 'CH', '1999-08-12', 1.84, 82.00, 'BOLIVIANO', 'PERFERENDIS QUISQUAM ILLUM EOS NON OCCAECATI CUMQUE.', 'kathryne89@example.net', '317-263-1269', '(479) 576-1823', 'SUPERVISOR', 85, 'EXPERTO', 'ACTIVO', 'default.png', '2022-11-01', '2022-11-01 15:15:58', '2022-11-01 15:15:58'),
(30, 'ALYSA LARSON', 'NICOLAS', '', '348732', 'OR', '2003-11-11', 1.80, 84.00, 'BOLIVIANO', 'OMNIS VEL DOLOREM SINT VENIAM RATIONE POSSIMUS AUT.', 'hayley.goyette@example.net', '+1-223-583-2261', '+1-520-474-0549', 'SUPERVISOR', 31, 'EXPERTO', 'ACTIVO', 'default.png', '2022-11-01', '2022-11-01 15:15:58', '2022-11-01 15:15:58'),
(31, 'ARYANNA CONN II', 'KUHLMAN', '', '789261', 'SC', '2002-08-28', 1.80, 74.00, 'BOLIVIANO', 'QUAE NAM FACILIS SUSCIPIT CONSEQUUNTUR NIHIL CORRUPTI VOLUPTATIBUS.', 'ada.rolfson@example.net', '+1 (254) 215-7243', '+1-478-429-3215', 'SUPERVISOR', 10, 'MODERADO', 'ACTIVO', 'default.png', '2022-11-01', '2022-11-01 15:15:58', '2022-11-01 15:15:58'),
(32, 'MISS KAYLIE KILBACK', 'PAUCEK', '', '210241', 'CH', '2000-03-01', 1.80, 75.00, 'BOLIVIANO', 'AUT NON QUO EUM NEQUE VITAE VERO. EXPLICABO DOLOREM QUIDEM NEQUE CUPIDITATE OFFICIA CORRUPTI AUT.', 'abbey48@example.net', '870-599-3822', '585.428.3111', 'SUPERVISOR', 50, 'EXPERTO', 'ACTIVO', 'default.png', '2022-11-01', '2022-11-01 15:15:58', '2022-11-01 15:15:58'),
(33, 'GUDRUN HAND', 'PAGAC', '', '99365', 'TJ', '1999-06-05', 1.83, 81.00, 'BOLIVIANO', 'EA EIUS CONSECTETUR QUIDEM. VOLUPTATEM ILLUM SINT AMET MAGNAM NUMQUAM SUNT.', 'gcronin@example.net', '(380) 427-3198', '430-988-2656', 'SUPERVISOR', 20, 'EXPERTO', 'ACTIVO', 'default.png', '2022-11-01', '2022-11-01 15:15:58', '2022-11-01 15:15:58'),
(34, 'ANDRE LESCH', 'HUEL', '', '252274', 'OR', '1999-12-29', 1.66, 77.00, 'BOLIVIANO', 'BEATAE ACCUSANTIUM NAM ENIM ADIPISCI OMNIS ANIMI. FUGA IPSA ISTE MOLESTIAS PORRO VOLUPTAS.', 'susie69@example.com', '458-286-3990', '857-666-7148', 'SUPERVISOR', 12, 'EXPERTO', 'ACTIVO', 'default.png', '2022-11-01', '2022-11-01 15:15:58', '2022-11-01 15:15:58'),
(35, 'JAMAL BAUMBACH', 'SCHIMMEL', '', '157464', 'PD', '1999-10-14', 1.74, 87.00, 'BOLIVIANO', 'OMNIS QUIDEM QUAE OMNIS TEMPORE CORRUPTI.', 'bradtke.emie@example.com', '551-688-7480', '(516) 682-6277', 'SUPERVISOR', 67, 'EXPERTO', 'ACTIVO', 'default.png', '2022-11-01', '2022-11-01 15:15:58', '2022-11-01 15:15:58'),
(36, 'BRANDYN FLATLEY', 'BARTELL', '', '388974', 'CB', '2003-11-29', 1.81, 76.00, 'BOLIVIANO', 'PROVIDENT REPREHENDERIT ODIT VEL ET. EOS INVENTORE OMNIS NOBIS PRAESENTIUM.', 'asipes@example.net', '+1-786-955-9564', '(646) 491-3764', 'SUPERVISOR', 54, 'EXPERTO', 'ACTIVO', 'default.png', '2022-11-01', '2022-11-01 15:15:58', '2022-11-01 15:15:58'),
(37, 'JERROLD BAYER', 'GULGOWSKI', '', '955185', 'TJ', '2001-05-25', 1.81, 80.00, 'BOLIVIANO', 'OCCAECATI DOLOREM EA CULPA EUM MOLESTIAS RECUSANDAE ASPERIORES. CUMQUE QUAM QUI VITAE CORPORIS PERSPICIATIS.', 'rippin.arlene@example.org', '+1-769-866-8593', '+1 (641) 445-9887', 'GUARDIA', 6, 'INTERMEDIO', 'ACTIVO', 'default.png', '2022-11-01', '2022-11-01 15:15:58', '2022-11-01 15:15:58'),
(38, 'AUSTIN GLEASON I', 'TOY', '', '884261', 'TJ', '2003-12-22', 1.76, 85.00, 'BOLIVIANO', 'IPSA FACERE UT EAQUE PORRO SAPIENTE IN RERUM UT. AUT EOS ET QUOS ASSUMENDA QUIBUSDAM DELENITI.', 'maegan.dach@example.com', '+1-346-366-1397', '+1.341.999.6077', 'SUPERVISOR', 54, 'EXPERTO', 'ACTIVO', 'default.png', '2022-11-01', '2022-11-01 15:15:58', '2022-11-01 15:15:58'),
(39, 'TYSON MILLER', 'CONROY', '', '862775', 'PD', '2001-12-10', 1.83, 89.00, 'BOLIVIANO', 'ILLUM RECUSANDAE TOTAM QUASI VENIAM ACCUSANTIUM VOLUPTAS DIGNISSIMOS.', 'hansen.elliot@example.net', '458-944-6872', '+1-254-370-6963', 'SUPERVISOR', 97, 'EXPERTO', 'ACTIVO', 'default.png', '2022-11-01', '2022-11-01 15:15:58', '2022-11-01 15:15:58'),
(40, 'JUSTUS TROMP', 'HARRIS', '', '66257', 'BN', '2000-12-30', 1.81, 84.00, 'BOLIVIANO', 'PRAESENTIUM AUT AUTEM SUSCIPIT QUI VEL VOLUPTATE MINUS. NOBIS DOLORES INVENTORE OMNIS ET ESSE ET.', 'mylene47@example.net', '(272) 591-1499', '1-508-473-0092', 'SUPERVISOR', 78, 'EXPERTO', 'ACTIVO', 'default.png', '2022-11-01', '2022-11-01 15:15:58', '2022-11-01 15:15:58'),
(41, 'JAMMIE SCHADEN', 'PROSACCO', '', '138453', 'PT', '1999-01-05', 1.70, 88.00, 'BOLIVIANO', 'QUIS ASSUMENDA UT NECESSITATIBUS.', 'newton.kihn@example.com', '1-727-900-9709', '+14243168990', 'SUPERVISOR', 48, 'EXPERTO', 'ACTIVO', 'default.png', '2022-11-01', '2022-11-01 15:15:58', '2022-11-01 15:15:58'),
(42, 'MISS MARIE FISHER II', 'BOGISICH', '', '84806', 'PD', '1999-01-04', 1.81, 85.00, 'BOLIVIANO', 'TOTAM SOLUTA ENIM SAPIENTE PORRO VOLUPTATES TOTAM REPUDIANDAE.', 'shany.howe@example.net', '(989) 808-3270', '+1 (434) 589-9294', 'SUPERVISOR', 20, 'EXPERTO', 'ACTIVO', 'default.png', '2022-11-01', '2022-11-01 15:15:58', '2022-11-01 15:15:58'),
(43, 'SHAINA BEATTY', 'MOHR', '', '356078', 'BN', '2002-12-26', 1.76, 74.00, 'BOLIVIANO', 'EUM QUIS HIC FACILIS IUSTO AT CUPIDITATE VOLUPTAS.', 'lavern00@example.com', '872-890-0848', '+17314971157', 'SUPERVISOR', 63, 'EXPERTO', 'ACTIVO', 'default.png', '2022-11-01', '2022-11-01 15:15:58', '2022-11-01 15:15:58'),
(44, 'JADEN FAHEY', 'BOTSFORD', '', '647971', 'OR', '2001-01-18', 1.82, 71.00, 'BOLIVIANO', 'LABORUM EST ILLUM AUTEM PROVIDENT SUNT. CONSEQUATUR ANIMI QUIDEM IURE ASPERNATUR DOLOREM DOLOREM.', 'howe.jadyn@example.net', '(754) 727-9072', '+1-520-398-5254', 'SUPERVISOR', 73, 'EXPERTO', 'ACTIVO', 'default.png', '2022-11-01', '2022-11-01 15:15:59', '2022-11-01 15:15:59'),
(45, 'ARLENE COLLINS', 'KOSS', '', '750910', 'OTRO', '1999-04-14', 1.68, 76.00, 'BOLIVIANO', 'CONSECTETUR RERUM QUAERAT AMET DUCIMUS BEATAE SUNT QUIDEM. VERITATIS NON EAQUE QUASI.', 'grohan@example.org', '1-567-720-8843', '1-929-757-4458', 'SUPERVISOR', 89, 'EXPERTO', 'ACTIVO', 'default.png', '2022-11-01', '2022-11-01 15:15:59', '2022-11-01 15:15:59'),
(46, 'HARMON BLICK', 'TREUTEL', '', '39942', 'CB', '1999-07-19', 1.65, 73.00, 'BOLIVIANO', 'VOLUPTATUM VITAE AUT UT OMNIS TEMPORA SAPIENTE. SUNT VOLUPTATEM TEMPORA VITAE SAEPE SEQUI.', 'cgorczany@example.net', '424.726.1809', '+1.734.647.1053', 'SUPERVISOR', 40, 'EXPERTO', 'ACTIVO', 'default.png', '2022-11-01', '2022-11-01 15:15:59', '2022-11-01 15:15:59'),
(47, 'PROF. LOUISA WIZA PHD', 'KERTZMANN', '', '806875', 'LP', '1999-09-15', 1.79, 72.00, 'BOLIVIANO', 'ET IPSA LIBERO TEMPORIBUS UT ELIGENDI.', 'cormier.brittany@example.com', '1-925-775-0845', '864.281.9074', 'SUPERVISOR', 57, 'EXPERTO', 'ACTIVO', 'default.png', '2022-11-01', '2022-11-01 15:15:59', '2022-11-01 15:15:59'),
(48, 'ALVERTA KLING', 'GIBSON', '', '320071', 'CB', '2002-06-11', 1.81, 90.00, 'BOLIVIANO', 'LABORE DELENITI IURE PARIATUR RECUSANDAE EA VOLUPTATUM VERITATIS.', 'queenie08@example.net', '(820) 376-5923', '+14405515436', 'SUPERVISOR', 97, 'EXPERTO', 'ACTIVO', 'default.png', '2022-11-01', '2022-11-01 15:15:59', '2022-11-01 15:15:59'),
(49, 'KEARA STANTON', 'GREENHOLT', '', '406342', 'PT', '2001-03-20', 1.87, 80.00, 'BOLIVIANO', 'ET QUO ET QUISQUAM. SAPIENTE NECESSITATIBUS QUI PLACEAT EAQUE.', 'xmccullough@example.com', '+1.959.354.2514', '1-364-889-3815', 'SUPERVISOR', 16, 'EXPERTO', 'ACTIVO', 'default.png', '2022-11-01', '2022-11-01 15:15:59', '2022-11-01 15:15:59'),
(50, 'ABEL WEIMANN III', 'LAKIN', '', '8470', 'CH', '2003-10-04', 1.74, 78.00, 'BOLIVIANO', 'MOLESTIAE DEBITIS TEMPORA ADIPISCI VELIT EA ACCUSAMUS.', 'weber.magnolia@example.org', '951.961.0688', '+1 (585) 219-0651', 'SUPERVISOR', 91, 'EXPERTO', 'ACTIVO', 'default.png', '2022-11-01', '2022-11-01 15:15:59', '2022-11-01 15:15:59'),
(51, 'ALVERA WALKER', 'ROBERTS', '', '612860', 'OR', '2000-05-23', 1.68, 71.00, 'BOLIVIANO', 'LAUDANTIUM VOLUPTAS LABORE PRAESENTIUM CORPORIS FUGIAT DOLORE. EXPLICABO QUAS QUAERAT QUAE VOLUPTAS EST ASSUMENDA.', 'ocie46@example.org', '239-575-2106', '240.518.7799', 'SUPERVISOR', 90, 'EXPERTO', 'ACTIVO', 'default.png', '2022-11-01', '2022-11-01 15:15:59', '2022-11-01 15:15:59'),
(52, 'GEORGIANA TERRY IV', 'RATKE', '', '450227', 'BN', '1999-07-16', 1.77, 86.00, 'BOLIVIANO', 'OMNIS RERUM REPELLENDUS AUT LAUDANTIUM VOLUPTATEM REPUDIANDAE. SIT HARUM ET IMPEDIT EAQUE.', 'thiel.eleazar@example.net', '+1.424.372.1210', '+1-534-690-9250', 'SUPERVISOR', 63, 'EXPERTO', 'ACTIVO', 'default.png', '2022-11-01', '2022-11-01 15:15:59', '2022-11-01 15:15:59'),
(53, 'SELMER LANGOSH', 'HETTINGER', '', '625195', 'LP', '1999-01-10', 1.69, 89.00, 'BOLIVIANO', 'VELIT OMNIS ET ET MOLESTIAE CONSECTETUR VELIT.', 'tony.buckridge@example.org', '(563) 710-8852', '+1.978.524.6376', 'SUPERVISOR', 54, 'EXPERTO', 'ACTIVO', 'default.png', '2022-11-01', '2022-11-01 15:15:59', '2022-11-01 15:15:59'),
(54, 'MR. MARQUIS HALVORSON', 'SCHAMBERGER', '', '232664', 'TJ', '2001-04-29', 1.85, 89.00, 'BOLIVIANO', 'ACCUSANTIUM SINT TEMPORE SEQUI OFFICIA QUO PLACEAT PLACEAT. QUI NISI SINT AD SINT EX ET OFFICIA.', 'vhills@example.org', '+1.959.640.4502', '+14193732928', 'SUPERVISOR', 66, 'EXPERTO', 'ACTIVO', 'default.png', '2022-11-01', '2022-11-01 15:15:59', '2022-11-01 15:15:59'),
(55, 'ADAN FRITSCH', 'KUNDE', '', '128454', 'CH', '2002-09-29', 1.76, 81.00, 'BOLIVIANO', 'ET SEQUI DOLORES SED LABORE NUMQUAM.', 'hjaskolski@example.com', '+1 (951) 284-4998', '(240) 479-3906', 'SUPERVISOR', 21, 'EXPERTO', 'ACTIVO', 'default.png', '2022-11-01', '2022-11-01 15:15:59', '2022-11-01 15:15:59'),
(56, 'PROF. DAREN COLE DVM', 'LUBOWITZ', '', '786784', 'CH', '2002-02-09', 1.88, 75.00, 'BOLIVIANO', 'NIHIL PLACEAT EIUS ET OFFICIA ID COMMODI.', 'frankie.wisoky@example.org', '1-828-673-7820', '1-213-771-8586', 'SUPERVISOR', 92, 'EXPERTO', 'ACTIVO', 'default.png', '2022-11-01', '2022-11-01 15:15:59', '2022-11-01 15:15:59'),
(57, 'YESENIA WALKER', 'MCGLYNN', '', '183518', 'PD', '2002-09-27', 1.87, 88.00, 'BOLIVIANO', 'AUT VEL EOS ODIT DELENITI QUOS UT EIUS.', 'shanelle.kerluke@example.org', '+18723682634', '+19044212946', 'SUPERVISOR', 84, 'EXPERTO', 'ACTIVO', 'default.png', '2022-11-01', '2022-11-01 15:15:59', '2022-11-01 15:15:59'),
(58, 'RAOUL FAHEY III', 'GULGOWSKI', '', '14115', 'BN', '2001-05-01', 1.81, 79.00, 'BOLIVIANO', 'PERSPICIATIS PRAESENTIUM QUI OFFICIA SIMILIQUE OMNIS MOLESTIAE DELECTUS ITAQUE.', 'wrussel@example.org', '+1-843-973-0822', '(240) 575-7518', 'GUARDIA', 5, 'INTERMEDIO', 'ACTIVO', 'default.png', '2022-11-01', '2022-11-01 15:15:59', '2022-11-01 15:15:59'),
(59, 'VIDA CONSIDINE', 'CROOKS', '', '848098', 'BN', '2003-05-21', 1.81, 76.00, 'BOLIVIANO', 'ESSE QUIA QUIDEM DOLOREM ET DELENITI ET NOSTRUM. QUIA VOLUPTAS HARUM A SIMILIQUE TOTAM EUM ET.', 'gleichner.barrett@example.org', '712-484-4786', '+1-380-312-0315', 'SUPERVISOR', 85, 'EXPERTO', 'ACTIVO', 'default.png', '2022-11-01', '2022-11-01 15:15:59', '2022-11-01 15:15:59'),
(60, 'DAMARIS WILDERMAN', 'HERMAN', '', '102137', 'TJ', '1999-01-25', 1.79, 71.00, 'BOLIVIANO', 'BLANDITIIS INVENTORE LIBERO VERITATIS HARUM DOLORIBUS. UT MAIORES ULLAM TEMPORE IUSTO ODIT AB.', 'clare.fay@example.org', '240-887-8979', '1-432-478-2414', 'SUPERVISOR', 95, 'EXPERTO', 'ACTIVO', 'default.png', '2022-11-01', '2022-11-01 15:15:59', '2022-11-01 15:15:59'),
(61, 'RYLEY FRAMI JR.', 'CORMIER', '', '101886', 'TJ', '2002-05-29', 1.75, 84.00, 'BOLIVIANO', 'NATUS QUIA SED ILLO FUGIAT IMPEDIT DISTINCTIO DIGNISSIMOS DELECTUS.', 'foconnell@example.com', '+17439664017', '443-597-1288', 'SUPERVISOR', 76, 'EXPERTO', 'ACTIVO', 'default.png', '2022-11-01', '2022-11-01 15:15:59', '2022-11-01 15:15:59'),
(62, 'TRESSA MURPHY', 'KREIGER', '', '698905', 'TJ', '2003-02-10', 1.78, 80.00, 'BOLIVIANO', 'ID QUI FUGA ET PRAESENTIUM.', 'fritz64@example.com', '1-667-781-3932', '(484) 565-8767', 'GUARDIA', 4, 'INTERMEDIO', 'ACTIVO', 'default.png', '2022-11-01', '2022-11-01 15:15:59', '2022-11-01 15:15:59'),
(63, 'MR. KARSON OSINSKI', 'TILLMAN', '', '360979', 'CB', '2000-05-24', 1.88, 83.00, 'BOLIVIANO', 'EVENIET UT ATQUE MAIORES CONSEQUATUR. CULPA POSSIMUS SIT ET SIMILIQUE OMNIS ADIPISCI DOLOREM.', 'auer.lisa@example.org', '1-256-617-4878', '424.851.6451', 'SUPERVISOR', 70, 'EXPERTO', 'ACTIVO', 'default.png', '2022-11-01', '2022-11-01 15:15:59', '2022-11-01 15:15:59'),
(64, 'MR. GARFIELD BREKKE IV', 'RICE', '', '286098', 'CH', '2003-08-23', 1.87, 74.00, 'BOLIVIANO', 'NUMQUAM PROVIDENT IPSA SIT.', 'oswald.becker@example.com', '+1-276-378-0967', '(364) 701-9233', 'GUARDIA', 6, 'INTERMEDIO', 'ACTIVO', 'default.png', '2022-11-01', '2022-11-01 15:15:59', '2022-11-01 15:15:59'),
(65, 'ARELY BEIER', 'DONNELLY', '', '298160', 'PD', '1999-01-09', 1.74, 90.00, 'BOLIVIANO', 'AUT CONSECTETUR UT ASPERNATUR QUIA VERO NAM ASPERNATUR. IN ASPERIORES TEMPORE ASPERNATUR VERITATIS LAUDANTIUM INCIDUNT DELENITI.', 'raufderhar@example.com', '+1 (224) 835-0025', '657-560-9702', 'GUARDIA', 3, 'PRINCIPIANTE', 'ACTIVO', 'default.png', '2022-11-01', '2022-11-01 15:15:59', '2022-11-01 15:15:59'),
(66, 'MARJORIE GLOVER', 'SCHOWALTER', '', '171420', 'CB', '2000-06-27', 1.80, 78.00, 'BOLIVIANO', 'CONSEQUATUR VEL UNDE NAM REPELLENDUS APERIAM.', 'cmohr@example.org', '1-816-671-2763', '262-475-9056', 'SUPERVISOR', 80, 'EXPERTO', 'ACTIVO', 'default.png', '2022-11-01', '2022-11-01 15:15:59', '2022-11-01 15:15:59'),
(67, 'MS. ROSLYN KLEIN MD', 'TOWNE', '', '481791', 'OTRO', '1999-10-27', 1.72, 83.00, 'BOLIVIANO', 'AUT QUI CONSEQUUNTUR APERIAM ILLUM LIBERO MOLESTIAS CONSEQUUNTUR IPSA.', 'jakayla76@example.com', '1-352-256-7577', '(520) 473-4722', 'SUPERVISOR', 49, 'EXPERTO', 'ACTIVO', 'default.png', '2022-11-01', '2022-11-01 15:15:59', '2022-11-01 15:15:59'),
(68, 'ABBY BERGSTROM', 'WILLIAMSON', '', '900474', 'CH', '2003-08-11', 1.73, 87.00, 'BOLIVIANO', 'VOLUPTAS LAUDANTIUM FUGIT SED ODIT INVENTORE REPUDIANDAE. VOLUPTATEM SINT CULPA BLANDITIIS AUT ADIPISCI ELIGENDI.', 'balistreri.erna@example.net', '+1.410.933.3000', '1-930-497-7991', 'SUPERVISOR', 30, 'EXPERTO', 'ACTIVO', 'default.png', '2022-11-01', '2022-11-01 15:15:59', '2022-11-01 15:15:59'),
(69, 'DR. KALEIGH HUEL', 'LYNCH', '', '624453', 'PT', '2003-01-06', 1.84, 75.00, 'BOLIVIANO', 'PARIATUR EA EA IN INCIDUNT DIGNISSIMOS.', 'toy.polly@example.org', '+1-820-384-2617', '+16097281457', 'SUPERVISOR', 28, 'EXPERTO', 'ACTIVO', 'default.png', '2022-11-01', '2022-11-01 15:15:59', '2022-11-01 15:15:59'),
(70, 'ALVINA LEDNER', 'TROMP', '', '858536', 'BN', '2000-11-01', 1.79, 72.00, 'BOLIVIANO', 'DISTINCTIO QUO NON NOSTRUM PLACEAT. QUIBUSDAM ET OMNIS ASPERIORES VEL ET.', 'isabella50@example.com', '+1-734-785-6560', '754.643.6393', 'SUPERVISOR', 30, 'EXPERTO', 'ACTIVO', 'default.png', '2022-11-01', '2022-11-01 15:15:59', '2022-11-01 15:15:59'),
(71, 'MISS KATRINA SMITHAM', 'HARRIS', '', '975781', 'LP', '2003-04-06', 1.90, 90.00, 'BOLIVIANO', 'IPSAM POSSIMUS AUT NOSTRUM ET EUM NEMO. SUNT REM ENIM AUT ACCUSANTIUM DICTA EOS OMNIS.', 'kayleigh.beahan@example.com', '786-607-4550', '+1 (669) 390-7197', 'SUPERVISOR', 66, 'EXPERTO', 'ACTIVO', 'default.png', '2022-11-01', '2022-11-01 15:15:59', '2022-11-01 15:15:59'),
(72, 'CORNELL SHIELDS MD', 'SMITHAM', '', '388030', 'LP', '2003-06-25', 1.87, 81.00, 'BOLIVIANO', 'LABORE UT QUI ASPERIORES AT RECUSANDAE.', 'robel.oda@example.com', '(628) 879-6015', '+17738213016', 'SUPERVISOR', 33, 'EXPERTO', 'ACTIVO', 'default.png', '2022-11-01', '2022-11-01 15:15:59', '2022-11-01 15:15:59'),
(73, 'JOSEPHINE KUHIC', 'CARTWRIGHT', '', '457619', 'BN', '2000-03-22', 1.73, 82.00, 'BOLIVIANO', 'REM NUMQUAM VENIAM POSSIMUS PLACEAT PERFERENDIS.', 'zoey.hills@example.org', '+1-651-595-1895', '1-971-270-8799', 'SUPERVISOR', 96, 'EXPERTO', 'ACTIVO', 'default.png', '2022-11-01', '2022-11-01 15:15:59', '2022-11-01 15:15:59'),
(74, 'DR. STEPHAN SWANIAWSKI MD', 'RAYNOR', '', '228454', 'LP', '2000-02-22', 1.74, 71.00, 'BOLIVIANO', 'EA EA CORRUPTI MOLESTIAE EXERCITATIONEM COMMODI.', 'ehahn@example.net', '+19792256069', '+1.364.682.8008', 'SUPERVISOR', 61, 'EXPERTO', 'ACTIVO', 'default.png', '2022-11-01', '2022-11-01 15:15:59', '2022-11-01 15:15:59'),
(75, 'TRENTON MANN', 'BAHRINGER', '', '559056', 'LP', '2001-09-20', 1.68, 88.00, 'BOLIVIANO', 'LABORE ULLAM ID ENIM VOLUPTATEM VERO ASSUMENDA.', 'jbauch@example.org', '+1-480-963-0035', '1-253-626-7985', 'SUPERVISOR', 40, 'EXPERTO', 'ACTIVO', 'default.png', '2022-11-01', '2022-11-01 15:15:59', '2022-11-01 15:15:59'),
(76, 'SELENA BOTSFORD', 'STROMAN', '', '214779', 'TJ', '2000-11-27', 1.82, 75.00, 'BOLIVIANO', 'EXERCITATIONEM QUAS VOLUPTAS DUCIMUS NISI DIGNISSIMOS.', 'waelchi.brent@example.com', '+1-757-868-5572', '+1-520-441-4784', 'SUPERVISOR', 42, 'EXPERTO', 'ACTIVO', 'default.png', '2022-11-01', '2022-11-01 15:15:59', '2022-11-01 15:15:59'),
(77, 'GEORGIANNA CONN MD', 'ROGAHN', '', '942183', 'PT', '2002-08-21', 1.83, 71.00, 'BOLIVIANO', 'SOLUTA ET EX QUI CUMQUE. ET VITAE DOLORIBUS UT NON EUM MAIORES EARUM.', 'kip.von@example.net', '+1-351-988-1095', '618-606-9811', 'SUPERVISOR', 32, 'EXPERTO', 'ACTIVO', 'default.png', '2022-11-01', '2022-11-01 15:15:59', '2022-11-01 15:15:59'),
(78, 'PROF. ELVIS KUTCH IV', 'LABADIE', '', '255970', 'TJ', '2001-03-30', 1.74, 87.00, 'BOLIVIANO', 'RERUM REPELLAT VEL QUI PERSPICIATIS CONSEQUUNTUR VERITATIS VOLUPTATEM. SAEPE VOLUPTAS IN PLACEAT EUM VOLUPTATEM DOLORES SUNT.', 'johnson.sabrina@example.net', '(605) 730-1601', '920-315-6667', 'SUPERVISOR', 86, 'EXPERTO', 'ACTIVO', 'default.png', '2022-11-01', '2022-11-01 15:15:59', '2022-11-01 15:15:59'),
(79, 'EVANS MURPHY', 'DAUGHERTY', '', '901988', 'SC', '2002-10-17', 1.70, 83.00, 'BOLIVIANO', 'QUOD MODI ET LABORE APERIAM ID. ET MOLESTIAE FACERE VOLUPTATE EST.', 'qdoyle@example.org', '(617) 479-8899', '+1.325.941.3670', 'SUPERVISOR', 45, 'EXPERTO', 'ACTIVO', 'default.png', '2022-11-01', '2022-11-01 15:15:59', '2022-11-01 15:15:59'),
(80, 'MYAH THOMPSON', 'VEUM', '', '906708', 'PD', '2001-10-20', 1.78, 84.00, 'BOLIVIANO', 'SIMILIQUE MAXIME ET EST MODI VOLUPTATEM IMPEDIT FUGIAT.', 'robbie.aufderhar@example.org', '1-786-978-0048', '346.517.3374', 'SUPERVISOR', 12, 'EXPERTO', 'ACTIVO', 'default.png', '2022-11-01', '2022-11-01 15:15:59', '2022-11-01 15:15:59'),
(81, 'BRENDA HERMANN V', 'HEIDENREICH', '', '128391', 'BN', '2002-03-02', 1.67, 85.00, 'BOLIVIANO', 'ET EX OMNIS ASSUMENDA INVENTORE.', 'dach.dayana@example.com', '+16822804585', '254.669.6071', 'SUPERVISOR', 99, 'EXPERTO', 'ACTIVO', 'default.png', '2022-11-01', '2022-11-01 15:15:59', '2022-11-01 15:15:59'),
(82, 'JAQUELIN ROSENBAUM', 'HALVORSON', '', '289667', 'OTRO', '2002-02-17', 1.81, 71.00, 'BOLIVIANO', 'NON CUM CONSEQUATUR OFFICIA ULLAM TOTAM REPELLENDUS. POSSIMUS DOLOREM UNDE MOLLITIA INVENTORE VEL.', 'rudolph44@example.com', '1-732-933-5791', '+1 (832) 654-4027', 'SUPERVISOR', 47, 'EXPERTO', 'ACTIVO', 'default.png', '2022-11-01', '2022-11-01 15:16:00', '2022-11-01 15:16:00'),
(83, 'PROF. KYLEIGH BEATTY', 'BARROWS', '', '571325', 'OTRO', '2001-04-13', 1.90, 72.00, 'BOLIVIANO', 'DOLOR OCCAECATI NISI NESCIUNT SAPIENTE EX EARUM.', 'dayton.kuhlman@example.com', '214-454-2806', '724-839-4938', 'SUPERVISOR', 19, 'EXPERTO', 'ACTIVO', 'default.png', '2022-11-01', '2022-11-01 15:16:00', '2022-11-01 15:16:00'),
(84, 'PEARLINE CROOKS', 'STIEDEMANN', '', '382405', 'OTRO', '1999-01-28', 1.65, 79.00, 'BOLIVIANO', 'MINUS DOLOR DOLORE IMPEDIT SUNT ET. RECUSANDAE APERIAM CONSEQUATUR QUI CUPIDITATE ENIM FUGIT ARCHITECTO VOLUPTAS.', 'troy.johns@example.com', '661.947.3876', '(913) 205-3255', 'SUPERVISOR', 47, 'EXPERTO', 'ACTIVO', 'default.png', '2022-11-01', '2022-11-01 15:16:00', '2022-11-01 15:16:00'),
(85, 'DALTON WISOKY', 'PAGAC', '', '710426', 'BN', '2001-10-05', 1.80, 79.00, 'BOLIVIANO', 'NUMQUAM NESCIUNT DELENITI INCIDUNT VOLUPTATEM. DOLORIBUS EXCEPTURI LABORIOSAM VOLUPTATEM SEQUI QUI ANIMI.', 'bsmitham@example.com', '1-515-886-9216', '1-832-267-5719', 'SUPERVISOR', 82, 'EXPERTO', 'ACTIVO', 'default.png', '2022-11-01', '2022-11-01 15:16:00', '2022-11-01 15:16:00'),
(86, 'STEVIE PAGAC', 'WHITE', '', '922392', 'BN', '2001-01-13', 1.75, 80.00, 'BOLIVIANO', 'ITAQUE MAXIME QUI UT DOLORES VOLUPTATEM. RATIONE UNDE ET MOLLITIA MAGNAM DOLORES RATIONE PERFERENDIS ODIT.', 'fhills@example.net', '+18202978219', '248.338.0005', 'SUPERVISOR', 90, 'EXPERTO', 'ACTIVO', 'default.png', '2022-11-01', '2022-11-01 15:16:00', '2022-11-01 15:16:00'),
(87, 'BAYLEE NADER I', 'PAGAC', '', '428425', 'SC', '2000-11-27', 1.65, 81.00, 'BOLIVIANO', 'AT QUI ACCUSANTIUM CONSEQUATUR ERROR.', 'ratke.porter@example.com', '1-220-895-9468', '+1-360-607-9853', 'GUARDIA', 4, 'INTERMEDIO', 'ACTIVO', 'default.png', '2022-11-01', '2022-11-01 15:16:00', '2022-11-01 15:16:00'),
(88, 'SARAI KIHN', 'HINTZ', '', '753412', 'SC', '2003-08-18', 1.84, 87.00, 'BOLIVIANO', 'CONSECTETUR EOS QUIDEM SIT AMET SIT AUT FUGA. QUIS ENIM PROVIDENT CUPIDITATE VENIAM SINT UNDE SAEPE ODIO.', 'block.colt@example.com', '936-896-7727', '+1 (283) 489-2984', 'SUPERVISOR', 53, 'EXPERTO', 'ACTIVO', 'default.png', '2022-11-01', '2022-11-01 15:16:00', '2022-11-01 15:16:00'),
(89, 'DUANE NIENOW', 'GOODWIN', '', '644931', 'OR', '2001-10-18', 1.85, 75.00, 'BOLIVIANO', 'ISTE MOLLITIA SIT AUT. ET MINUS UT QUI VELIT QUI IPSUM.', 'heidi.lockman@example.org', '417.715.9746', '231.724.6493', 'SUPERVISOR', 60, 'EXPERTO', 'ACTIVO', 'default.png', '2022-11-01', '2022-11-01 15:16:00', '2022-11-01 15:16:00'),
(90, 'JAYME NITZSCHE', 'BINS', '', '639553', 'OTRO', '1999-05-13', 1.79, 88.00, 'BOLIVIANO', 'TEMPORE EST RERUM AUT. IURE ET VEL VITAE OMNIS PERFERENDIS QUAM QUIDEM.', 'jratke@example.org', '640.997.4648', '682.877.6124', 'SUPERVISOR', 8, 'MODERADO', 'ACTIVO', 'default.png', '2022-11-01', '2022-11-01 15:16:00', '2022-11-01 15:16:00'),
(91, 'FLETCHER PARISIAN', 'PRICE', '', '86891', 'PD', '1999-10-13', 1.75, 70.00, 'BOLIVIANO', 'CONSEQUATUR QUIA ADIPISCI SOLUTA QUI MAXIME FUGIT.', 'ashley.mcglynn@example.net', '1-539-743-3846', '1-424-235-8659', 'SUPERVISOR', 60, 'EXPERTO', 'ACTIVO', 'default.png', '2022-11-01', '2022-11-01 15:16:00', '2022-11-01 15:16:00'),
(92, 'REINHOLD LUEILWITZ', 'ADAMS', '', '124234', 'OR', '2001-10-09', 1.66, 76.00, 'BOLIVIANO', 'ARCHITECTO HARUM ATQUE QUI DOLOREM.', 'cynthia32@example.org', '1-865-524-9378', '629-339-2594', 'SUPERVISOR', 88, 'EXPERTO', 'ACTIVO', 'default.png', '2022-11-01', '2022-11-01 15:16:00', '2022-11-01 15:16:00'),
(93, 'PROF. ANNETTA OKUNEVA I', 'CASSIN', '', '848528', 'OTRO', '1999-05-08', 1.83, 82.00, 'BOLIVIANO', 'MAGNI UNDE EXPLICABO EST BLANDITIIS IMPEDIT RERUM.', 'kennedi.gleason@example.org', '+1-315-807-3391', '1-801-827-7234', 'SUPERVISOR', 36, 'EXPERTO', 'ACTIVO', 'default.png', '2022-11-01', '2022-11-01 15:16:00', '2022-11-01 15:16:00'),
(94, 'OSWALD PFEFFER', 'GISLASON', '', '134418', 'SC', '2001-07-02', 1.89, 90.00, 'BOLIVIANO', 'ASPERNATUR QUIS DOLOREM ATQUE EARUM VEL NON INVENTORE OPTIO. VENIAM QUI FUGIT FACILIS.', 'aglae.feil@example.net', '559.460.5479', '+1-936-876-8106', 'SUPERVISOR', 40, 'EXPERTO', 'ACTIVO', 'default.png', '2022-11-01', '2022-11-01 15:16:00', '2022-11-01 15:16:00'),
(95, 'RORY ERDMAN', 'SPORER', '', '182897', 'OR', '2002-01-03', 1.69, 88.00, 'BOLIVIANO', 'AB EST EX QUI NISI NOBIS ANIMI. SINT MODI IUSTO FUGIAT SED.', 'fannie63@example.com', '+1-571-251-0118', '+1-534-530-4756', 'SUPERVISOR', 86, 'EXPERTO', 'ACTIVO', 'default.png', '2022-11-01', '2022-11-01 15:16:00', '2022-11-01 15:16:00'),
(96, 'DOMENICK MARVIN V', 'EMMERICH', '', '145061', 'CB', '2002-09-26', 1.88, 87.00, 'BOLIVIANO', 'AUT ISTE SUSCIPIT AUT SIT VOLUPTATE TENETUR ACCUSANTIUM DEBITIS. VELIT EARUM NUMQUAM UT SINT NUMQUAM ET MOLESTIAE.', 'edwina67@example.org', '940-348-8019', '+1-561-965-9247', 'SUPERVISOR', 78, 'EXPERTO', 'ACTIVO', 'default.png', '2022-11-01', '2022-11-01 15:16:00', '2022-11-01 15:16:00'),
(97, 'ANTONE LANGWORTH', 'GORCZANY', '', '942814', 'CB', '1999-10-23', 1.77, 88.00, 'BOLIVIANO', 'ARCHITECTO QUO CONSECTETUR TENETUR MINUS NOSTRUM IN UT. OMNIS VITAE ET ULLAM REPREHENDERIT ESSE NIHIL LABORE.', 'oda.mills@example.org', '859.994.6601', '+1-757-608-2361', 'SUPERVISOR', 83, 'EXPERTO', 'ACTIVO', 'default.png', '2022-11-01', '2022-11-01 15:16:00', '2022-11-01 15:16:00'),
(98, 'FREDERIQUE BAUMBACH', 'ROMAGUERA', '', '586816', 'TJ', '2002-11-18', 1.68, 74.00, 'BOLIVIANO', 'ET FUGA EX QUIA VEL QUOS ET EST.', 'stanton97@example.org', '1-984-699-6554', '(336) 559-8699', 'SUPERVISOR', 51, 'EXPERTO', 'ACTIVO', 'default.png', '2022-11-01', '2022-11-01 15:16:00', '2022-11-01 15:16:00'),
(99, 'DALLIN CRUICKSHANK', 'WATERS', '', '674616', 'LP', '2001-10-19', 1.89, 76.00, 'BOLIVIANO', 'EST EST NULLA AMET LABORUM.', 'perdman@example.org', '+1-351-376-6282', '(704) 304-5773', 'SUPERVISOR', 52, 'EXPERTO', 'ACTIVO', 'default.png', '2022-11-01', '2022-11-01 15:16:00', '2022-11-01 15:16:00'),
(100, 'NED REICHEL DDS', 'HARVEY', '', '594196', 'LP', '2000-05-05', 1.70, 71.00, 'BOLIVIANO', 'EXPLICABO MOLESTIAE NULLA PERSPICIATIS TEMPORIBUS UT. CONSEQUATUR VOLUPTAS NOSTRUM CONSEQUUNTUR CONSECTETUR.', 'ottilie69@example.com', '820.382.5954', '1-469-619-4560', 'SUPERVISOR', 87, 'EXPERTO', 'ACTIVO', 'default.png', '2022-11-01', '2022-11-01 15:16:00', '2022-11-01 15:16:00'),
(101, 'AMPARO BERGNAUM', 'KERLUKE', '', '566121', 'CB', '2001-08-14', 1.70, 82.00, 'BOLIVIANO', 'SUNT NON REM PROVIDENT QUOS ELIGENDI.', 'gabriella.oreilly@example.com', '(828) 577-0917', '870-976-9258', 'SUPERVISOR', 83, 'EXPERTO', 'ACTIVO', 'default.png', '2022-11-01', '2022-11-01 15:16:00', '2022-11-01 15:16:00'),
(102, 'CARMEL STIEDEMANN III', 'SENGER', '', '762529', 'PT', '2000-02-23', 1.67, 70.00, 'BOLIVIANO', 'AB IN LABORE COMMODI VEL INVENTORE INCIDUNT DOLORE. ASPERNATUR ET LAUDANTIUM VENIAM FACERE NON.', 'schumm.landen@example.org', '779.846.2687', '283.382.4768', 'SUPERVISOR', 13, 'EXPERTO', 'ACTIVO', 'default.png', '2022-11-01', '2022-11-01 15:16:00', '2022-11-01 15:16:00'),
(103, 'MAXIE GOODWIN', 'BRADTKE', '', '588428', 'LP', '2001-08-08', 1.78, 82.00, 'BOLIVIANO', 'QUI EOS QUASI CUPIDITATE ACCUSANTIUM NON QUO IN AUT.', 'schiller.colt@example.org', '351-266-6969', '480.261.8740', 'SUPERVISOR', 87, 'EXPERTO', 'ACTIVO', 'default.png', '2022-11-01', '2022-11-01 15:16:00', '2022-11-01 15:16:00'),
(104, 'BART VONRUEDEN PHD', 'OKUNEVA', '', '154198', 'TJ', '2000-10-19', 1.84, 81.00, 'BOLIVIANO', 'TEMPORA DUCIMUS EOS NOSTRUM OCCAECATI EAQUE EIUS EOS. INVENTORE DOLORES ERROR EXPLICABO QUIDEM.', 'collier.jayden@example.net', '941-935-7411', '(689) 537-2192', 'SUPERVISOR', 82, 'EXPERTO', 'ACTIVO', 'default.png', '2022-11-01', '2022-11-01 15:16:00', '2022-11-01 15:16:00'),
(105, 'KEN DUBUQUE', 'CONNELLY', '', '974577', 'SC', '2003-10-15', 1.84, 74.00, 'BOLIVIANO', 'CUMQUE EXPLICABO CONSEQUATUR QUIS OCCAECATI QUIA EA.', 'zhermiston@example.net', '+1.720.657.0482', '+1 (279) 333-8357', 'SUPERVISOR', 15, 'EXPERTO', 'ACTIVO', 'default.png', '2022-11-01', '2022-11-01 15:16:00', '2022-11-01 15:16:00'),
(106, 'ELEANORE BARTOLETTI', 'WAELCHI', '', '851943', 'CB', '2002-03-27', 1.66, 74.00, 'BOLIVIANO', 'QUI EOS PORRO NISI QUIS PRAESENTIUM NEQUE EVENIET.', 'kellen.weissnat@example.com', '346-436-5520', '+1.260.977.2934', 'SUPERVISOR', 67, 'EXPERTO', 'ACTIVO', 'default.png', '2022-11-01', '2022-11-01 15:16:00', '2022-11-01 15:16:00'),
(107, 'SUSANNA GOODWIN', 'SCHULTZ', '', '283503', 'SC', '2002-04-28', 1.78, 71.00, 'BOLIVIANO', 'MINUS ACCUSANTIUM CONSEQUUNTUR IURE PERSPICIATIS VOLUPTATEM.', 'blakin@example.net', '+1.307.558.1109', '+1-734-551-2418', 'SUPERVISOR', 66, 'EXPERTO', 'ACTIVO', 'default.png', '2022-11-01', '2022-11-01 15:16:00', '2022-11-01 15:16:00'),
(108, 'SANTA HARTMANN', 'WILLIAMSON', '', '380271', 'OTRO', '1999-09-09', 1.80, 90.00, 'BOLIVIANO', 'UT IPSUM ITAQUE MODI AUT. ITAQUE QUI AUT AUTEM ET DOLORIBUS INVENTORE.', 'amparo30@example.net', '+1-628-459-0283', '+1.732.313.3222', 'SUPERVISOR', 17, 'EXPERTO', 'ACTIVO', 'default.png', '2022-11-01', '2022-11-01 15:16:00', '2022-11-01 15:16:00'),
(109, 'MR. ALBERT MONAHAN', 'SCHMIDT', '', '546552', 'LP', '2000-06-18', 1.87, 74.00, 'BOLIVIANO', 'FUGIT NOSTRUM ET OPTIO DOLORES PRAESENTIUM NISI. ET ET SUSCIPIT QUIA TEMPORE ODIT EST EIUS.', 'swift.ford@example.net', '1-678-527-1470', '+19344353868', 'SUPERVISOR', 35, 'EXPERTO', 'ACTIVO', 'default.png', '2022-11-01', '2022-11-01 17:01:36', '2022-11-01 17:01:36'),
(110, 'PROF. HERMINIA SPENCER DDS', 'MURRAY', '', '961826', 'BN', '2001-10-12', 1.79, 75.00, 'BOLIVIANO', 'ARCHITECTO QUAS LIBERO UT ATQUE EST. VERO UT HARUM POSSIMUS QUOD SEQUI.', 'simone60@example.com', '+1-929-383-0010', '320.749.2386', 'SUPERVISOR', 42, 'EXPERTO', 'ACTIVO', 'default.png', '2022-11-01', '2022-11-01 17:01:36', '2022-11-01 17:01:36'),
(111, 'BEN HESSEL', 'GLOVER', '', '398041', 'CH', '2000-09-06', 1.73, 85.00, 'BOLIVIANO', 'EST MAXIME ET OMNIS VEL VITAE NATUS.', 'hills.toni@example.com', '+1 (601) 754-3085', '+1 (469) 706-1076', 'SUPERVISOR', 65, 'EXPERTO', 'ACTIVO', 'default.png', '2022-11-01', '2022-11-01 17:01:36', '2022-11-01 17:01:36'),
(112, 'BERENICE HANE', 'NIENOW', '', '779238', 'TJ', '2003-12-20', 1.87, 80.00, 'BOLIVIANO', 'ASPERNATUR VOLUPTATEM ILLO VOLUPTAS NAM. NISI VOLUPTAS TENETUR SAEPE.', 'jquitzon@example.org', '1-442-495-4688', '+1.484.826.1044', 'SUPERVISOR', 20, 'EXPERTO', 'ACTIVO', 'default.png', '2022-11-01', '2022-11-01 17:01:36', '2022-11-01 17:01:36'),
(113, 'MS. JAKAYLA LEBSACK', 'RUNOLFSSON', '', '100042', 'TJ', '1999-08-30', 1.87, 88.00, 'BOLIVIANO', 'FUGIAT DOLOREM ID SINT.', 'reynolds.joel@example.com', '970-325-5550', '+1.302.594.7321', 'SUPERVISOR', 95, 'EXPERTO', 'ACTIVO', 'default.png', '2022-11-01', '2022-11-01 17:01:36', '2022-11-01 17:01:36'),
(114, 'PATSY BARROWS', 'GRANT', '', '239289', 'SC', '2002-08-20', 1.72, 86.00, 'BOLIVIANO', 'QUI ULLAM NON POSSIMUS OCCAECATI QUI RECUSANDAE.', 'jeramie.kreiger@example.net', '1-828-567-9777', '(573) 945-6136', 'SUPERVISOR', 76, 'EXPERTO', 'ACTIVO', 'default.png', '2022-11-01', '2022-11-01 17:01:36', '2022-11-01 17:01:36'),
(115, 'ABBEY STANTON', 'CONN', '', '642801', 'PD', '1999-07-30', 1.79, 71.00, 'BOLIVIANO', 'IPSUM AUT NEQUE ALIQUAM PRAESENTIUM.', 'lorenza.lehner@example.net', '+1.662.434.0509', '+1.870.468.8392', 'SUPERVISOR', 29, 'EXPERTO', 'ACTIVO', 'default.png', '2022-11-01', '2022-11-01 17:01:36', '2022-11-01 17:01:36'),
(116, 'LESSIE KULAS', 'GUSIKOWSKI', '', '704802', 'PT', '2002-07-18', 1.82, 83.00, 'BOLIVIANO', 'ESSE QUOD QUAS SUNT DOLOREM VEL HIC REPREHENDERIT VOLUPTATES. REPELLENDUS NESCIUNT QUISQUAM FACERE TEMPORE QUIS EST ATQUE.', 'ygrant@example.com', '1-701-946-3805', '+1-234-497-1652', 'SUPERVISOR', 97, 'EXPERTO', 'ACTIVO', 'default.png', '2022-11-01', '2022-11-01 17:01:36', '2022-11-01 17:01:36'),
(117, 'DR. JETTIE STIEDEMANN II', 'GUTKOWSKI', '', '465393', 'SC', '2002-10-23', 1.66, 79.00, 'BOLIVIANO', 'SIT MAGNAM DOLORUM ID.', 'icruickshank@example.net', '559.979.5923', '+1.610.817.5734', 'SUPERVISOR', 61, 'EXPERTO', 'ACTIVO', 'default.png', '2022-11-01', '2022-11-01 17:01:36', '2022-11-01 17:01:36'),
(118, 'MARLEE BAHRINGER', 'BALISTRERI', '', '238691', 'TJ', '2003-06-22', 1.88, 82.00, 'BOLIVIANO', 'EUM UT MOLESTIAE EX DOLORES.', 'sim.kemmer@example.org', '(959) 896-0383', '303.635.8979', 'SUPERVISOR', 68, 'EXPERTO', 'ACTIVO', 'default.png', '2022-11-01', '2022-11-01 17:01:36', '2022-11-01 17:01:36'),
(119, 'EMILIANO GLEASON IV', 'KOEPP', '', '296387', 'SC', '2002-11-16', 1.67, 74.00, 'BOLIVIANO', 'SED DOLOR BEATAE DICTA.', 'cgibson@example.org', '+1 (770) 976-1060', '1-603-226-4919', 'SUPERVISOR', 96, 'EXPERTO', 'ACTIVO', 'default.png', '2022-11-01', '2022-11-01 17:01:36', '2022-11-01 17:01:36'),
(120, 'CLOTILDE WILL PHD', 'KOSS', '', '238924', 'TJ', '2003-02-10', 1.70, 76.00, 'BOLIVIANO', 'VOLUPTATES FACERE VITAE ET REPELLENDUS.', 'goodwin.francisca@example.net', '972-630-9721', '785.217.9898', 'SUPERVISOR', 90, 'EXPERTO', 'ACTIVO', 'default.png', '2022-11-01', '2022-11-01 17:01:36', '2022-11-01 17:01:36'),
(121, 'CHADD GRIMES', 'O\'CONNER', '', '925352', 'PT', '2000-08-27', 1.69, 73.00, 'BOLIVIANO', 'ET VERITATIS FACILIS DISTINCTIO FUGA PARIATUR ALIQUID. QUIBUSDAM ELIGENDI ILLO QUAM POSSIMUS PRAESENTIUM ILLO.', 'kirlin.meredith@example.org', '251.284.9966', '(830) 846-8074', 'SUPERVISOR', 97, 'EXPERTO', 'ACTIVO', 'default.png', '2022-11-01', '2022-11-01 17:01:36', '2022-11-01 17:01:36'),
(122, 'DEJAH DICKI', 'WARD', '', '533462', 'PT', '2000-01-11', 1.69, 72.00, 'BOLIVIANO', 'DELECTUS DELENITI QUAERAT FUGIT EA.', 'schinner.cortney@example.net', '1-305-384-1258', '906.254.4991', 'SUPERVISOR', 88, 'EXPERTO', 'ACTIVO', 'default.png', '2022-11-01', '2022-11-01 17:01:36', '2022-11-01 17:01:36'),
(123, 'ALENE LEGROS', 'BOTSFORD', '', '386213', 'CH', '2000-05-25', 1.82, 78.00, 'BOLIVIANO', 'TEMPORE QUIBUSDAM NON PARIATUR EXCEPTURI ET CONSEQUUNTUR OMNIS MINUS. NON ET QUISQUAM AB ALIQUAM UNDE.', 'gabriella.hudson@example.com', '+1-281-577-3525', '+1 (870) 924-8548', 'SUPERVISOR', 52, 'EXPERTO', 'ACTIVO', 'default.png', '2022-11-01', '2022-11-01 17:01:36', '2022-11-01 17:01:36'),
(124, 'DON CUMMINGS', 'BATZ', '', '905197', 'SC', '2001-02-25', 1.88, 89.00, 'BOLIVIANO', 'QUAS EOS EXPEDITA HIC ASSUMENDA UT MINIMA DOLORUM. BEATAE NEQUE ET RERUM BEATAE QUISQUAM DESERUNT.', 'rau.dayton@example.org', '(774) 278-9447', '+14359273984', 'SUPERVISOR', 20, 'EXPERTO', 'ACTIVO', 'default.png', '2022-11-01', '2022-11-01 17:01:36', '2022-11-01 17:01:36'),
(125, 'JANAE TORP SR.', 'LANGOSH', '', '743024', 'CB', '2000-10-11', 1.83, 90.00, 'BOLIVIANO', 'DELECTUS NAM DOLOR MAIORES HARUM QUI EIUS QUI.', 'buster.armstrong@example.org', '(980) 209-0220', '+1 (352) 413-2030', 'GUARDIA', 6, 'INTERMEDIO', 'ACTIVO', 'default.png', '2022-11-01', '2022-11-01 17:01:36', '2022-11-01 17:01:36'),
(126, 'CLOYD HERMANN', 'HAGENES', '', '352865', 'LP', '1999-04-05', 1.79, 76.00, 'BOLIVIANO', 'NEQUE CUMQUE VENIAM DOLORIBUS QUAERAT NIHIL NON OPTIO.', 'hyatt.wayne@example.com', '+1-207-824-8315', '1-936-936-8361', 'SUPERVISOR', 19, 'EXPERTO', 'ACTIVO', 'default.png', '2022-11-01', '2022-11-01 17:01:36', '2022-11-01 17:01:36'),
(127, 'EVANS WEISSNAT', 'BRAKUS', '', '249524', 'PT', '1999-12-14', 1.78, 89.00, 'BOLIVIANO', 'CULPA SIT NON INVENTORE NON EST NON LABORE.', 'rspencer@example.com', '+1 (505) 707-7191', '+1-856-331-9374', 'SUPERVISOR', 20, 'EXPERTO', 'ACTIVO', 'default.png', '2022-11-01', '2022-11-01 17:01:36', '2022-11-01 17:01:36'),
(128, 'PROF. YADIRA WATSICA MD', 'STREICH', '', '330078', 'SC', '2002-10-02', 1.88, 87.00, 'BOLIVIANO', 'CONSEQUATUR AUTEM QUI SIT MINUS SED QUIA APERIAM.', 'umurray@example.com', '+1 (947) 315-8513', '1-425-857-1572', 'SUPERVISOR', 18, 'EXPERTO', 'ACTIVO', 'default.png', '2022-11-01', '2022-11-01 17:01:36', '2022-11-01 17:01:36'),
(129, 'MICHELLE ROBEL', 'BALISTRERI', '', '999899', 'OR', '2000-05-14', 1.79, 72.00, 'BOLIVIANO', 'UT VOLUPTATUM EST QUOS EST.', 'quinn25@example.com', '(724) 686-7161', '+1.850.688.2366', 'SUPERVISOR', 16, 'EXPERTO', 'ACTIVO', 'default.png', '2022-11-01', '2022-11-01 17:01:36', '2022-11-01 17:01:36'),
(130, 'FOREST SCHMITT', 'HOWE', '', '638669', 'PD', '2000-03-29', 1.85, 80.00, 'BOLIVIANO', 'MAXIME LABORIOSAM VOLUPTAS VOLUPTATUM ARCHITECTO ANIMI DOLOR.', 'glen.white@example.org', '484.980.0480', '307.279.0231', 'GUARDIA', 2, 'PRINCIPIANTE', 'ACTIVO', 'default.png', '2022-11-01', '2022-11-01 17:01:37', '2022-11-01 17:01:37'),
(131, 'THERON OBERBRUNNER', 'SATTERFIELD', '', '288537', 'LP', '2003-08-03', 1.66, 78.00, 'BOLIVIANO', 'PRAESENTIUM QUI ERROR NOBIS EST ACCUSAMUS AUTEM.', 'mmarquardt@example.net', '463-463-1766', '1-689-535-2824', 'SUPERVISOR', 22, 'EXPERTO', 'ACTIVO', 'default.png', '2022-11-01', '2022-11-01 17:01:37', '2022-11-01 17:01:37'),
(132, 'DR. ROSARIO ZEMLAK I', 'ERDMAN', '', '975782', 'PT', '2000-09-03', 1.86, 82.00, 'BOLIVIANO', 'CUPIDITATE PRAESENTIUM OFFICIIS ARCHITECTO NIHIL.', 'waltenwerth@example.org', '+1.947.625.1335', '+1 (551) 467-4423', 'SUPERVISOR', 51, 'EXPERTO', 'ACTIVO', 'default.png', '2022-11-01', '2022-11-01 17:01:37', '2022-11-01 17:01:37'),
(133, 'DR. LINWOOD LEBSACK IV', 'ANDERSON', '', '46518', 'PD', '2001-08-08', 1.78, 75.00, 'BOLIVIANO', 'AUT NON SED NOBIS OFFICIA RERUM ENIM. ATQUE QUIA UT NON EARUM.', 'orville.mante@example.com', '+1-929-924-2299', '980.487.5413', 'SUPERVISOR', 55, 'EXPERTO', 'ACTIVO', 'default.png', '2022-11-01', '2022-11-01 17:01:37', '2022-11-01 17:01:37'),
(134, 'PROF. EVANS ROSENBAUM DVM', 'ONDRICKA', '', '223230', 'OR', '2000-07-10', 1.74, 88.00, 'BOLIVIANO', 'ASSUMENDA EST DELECTUS ARCHITECTO DOLORES AMET. PERFERENDIS NON MINUS QUISQUAM MODI ERROR SIT ILLO.', 'jgislason@example.net', '+15672216794', '283.882.8616', 'SUPERVISOR', 17, 'EXPERTO', 'ACTIVO', 'default.png', '2022-11-01', '2022-11-01 17:01:37', '2022-11-01 17:01:37'),
(135, 'JAZLYN SKILES', 'BEDNAR', '', '476943', 'PD', '2000-09-26', 1.78, 85.00, 'BOLIVIANO', 'VOLUPTATEM ILLO MOLESTIAE SED ASSUMENDA UT HIC. VEL VOLUPTATUM DOLORE NOSTRUM QUIA.', 'acruickshank@example.com', '262.526.9263', '920-681-9129', 'SUPERVISOR', 93, 'EXPERTO', 'ACTIVO', 'default.png', '2022-11-01', '2022-11-01 17:01:37', '2022-11-01 17:01:37'),
(136, 'MR. KAYLEY HEGMANN MD', 'WILKINSON', '', '297648', 'CB', '2000-09-06', 1.68, 83.00, 'BOLIVIANO', 'SUSCIPIT SAEPE SED VOLUPTAS VITAE.', 'kuhn.melyna@example.com', '475.715.5347', '(256) 591-2511', 'SUPERVISOR', 85, 'EXPERTO', 'ACTIVO', 'default.png', '2022-11-01', '2022-11-01 17:01:37', '2022-11-01 17:01:37'),
(137, 'MARK DICKI DVM', 'DACH', '', '402531', 'TJ', '2002-04-30', 1.86, 76.00, 'BOLIVIANO', 'EX FUGIAT AUTEM MOLESTIAE ASPERNATUR.', 'epouros@example.net', '920-459-5724', '(956) 251-5302', 'SUPERVISOR', 19, 'EXPERTO', 'ACTIVO', 'default.png', '2022-11-01', '2022-11-01 17:01:37', '2022-11-01 17:01:37'),
(138, 'STEPHANIA HACKETT', 'ROLFSON', '', '116318', 'CH', '2000-09-23', 1.86, 90.00, 'BOLIVIANO', 'AT ERROR AUT PRAESENTIUM.', 'aurelia.howell@example.com', '248.746.3326', '831.265.6367', 'SUPERVISOR', 15, 'EXPERTO', 'ACTIVO', 'default.png', '2022-11-01', '2022-11-01 17:01:37', '2022-11-01 17:01:37'),
(139, 'VELDA WIZA', 'FRITSCH', '', '184230', 'BN', '2003-03-24', 1.82, 71.00, 'BOLIVIANO', 'CONSECTETUR CUPIDITATE LIBERO IMPEDIT AD.', 'bauch.kiera@example.com', '(619) 370-2805', '321-266-9687', 'SUPERVISOR', 62, 'EXPERTO', 'ACTIVO', 'default.png', '2022-11-01', '2022-11-01 17:01:37', '2022-11-01 17:01:37'),
(140, 'GREEN HERMISTON', 'SENGER', '', '35470', 'PD', '2000-09-12', 1.71, 71.00, 'BOLIVIANO', 'LABORE ET ERROR SIMILIQUE ET SINT QUAERAT ASPERIORES. QUAERAT SAPIENTE QUI QUOD QUAE AUT ATQUE.', 'waufderhar@example.com', '+16193622665', '(559) 788-8154', 'SUPERVISOR', 81, 'EXPERTO', 'ACTIVO', 'default.png', '2022-11-01', '2022-11-01 17:01:37', '2022-11-01 17:01:37'),
(141, 'WELDON STIEDEMANN', 'ROSENBAUM', '', '862662', 'CH', '2003-11-08', 1.68, 84.00, 'BOLIVIANO', 'NEQUE UT BLANDITIIS DOLOREMQUE LABORIOSAM POSSIMUS EVENIET SIT.', 'christopher.bergnaum@example.com', '+1-870-793-3408', '+1 (772) 979-3862', 'SUPERVISOR', 98, 'EXPERTO', 'ACTIVO', 'default.png', '2022-11-01', '2022-11-01 17:01:37', '2022-11-01 17:01:37'),
(142, 'MARIANA HOMENICK', 'REILLY', '', '510910', 'CB', '2001-12-29', 1.67, 72.00, 'BOLIVIANO', 'QUIA ET VERO REM ANIMI APERIAM.', 'carmel.hickle@example.org', '(507) 852-9760', '1-863-287-3289', 'SUPERVISOR', 69, 'EXPERTO', 'ACTIVO', 'default.png', '2022-11-01', '2022-11-01 17:01:37', '2022-11-01 17:01:37'),
(143, 'ERNESTO BATZ', 'LABADIE', '', '993356', 'CB', '1999-01-24', 1.90, 75.00, 'BOLIVIANO', 'EXCEPTURI ET HARUM DELENITI DIGNISSIMOS SUNT PARIATUR IPSUM DOLORES. FACILIS UT AUTEM EST OMNIS.', 'celestine.kreiger@example.org', '1-443-590-8407', '283.770.4892', 'SUPERVISOR', 81, 'EXPERTO', 'ACTIVO', 'default.png', '2022-11-01', '2022-11-01 17:01:37', '2022-11-01 17:01:37'),
(144, 'ALIVIA GRANT', 'KUHLMAN', '', '281198', 'TJ', '2002-01-18', 1.71, 75.00, 'BOLIVIANO', 'IUSTO ET FACILIS DOLOREM ARCHITECTO QUIS INVENTORE COMMODI REPUDIANDAE.', 'colton37@example.org', '469-388-9098', '1-770-397-2127', 'SUPERVISOR', 59, 'EXPERTO', 'ACTIVO', 'default.png', '2022-11-01', '2022-11-01 17:01:37', '2022-11-01 17:01:37'),
(145, 'PROF. BILLIE HOMENICK MD', 'JAKUBOWSKI', '', '958331', 'OTRO', '2000-03-12', 1.69, 80.00, 'BOLIVIANO', 'ODIO ENIM EXCEPTURI EVENIET IUSTO VERITATIS TEMPORIBUS.', 'miller.kennedi@example.net', '+1-747-808-2745', '+1 (906) 878-4700', 'SUPERVISOR', 81, 'EXPERTO', 'ACTIVO', 'default.png', '2022-11-01', '2022-11-01 17:01:37', '2022-11-01 17:01:37'),
(146, 'GENEVIEVE ANDERSON V', 'ROLFSON', '', '459631', 'PT', '1999-08-12', 1.89, 80.00, 'BOLIVIANO', 'PARIATUR OPTIO AUTEM AUTEM OMNIS.', 'myrl.quitzon@example.com', '+1.740.637.2408', '240-748-6514', 'SUPERVISOR', 22, 'EXPERTO', 'ACTIVO', 'default.png', '2022-11-01', '2022-11-01 17:01:37', '2022-11-01 17:01:37'),
(147, 'MR. ADAN ROBERTS V', 'LEGROS', '', '560', 'CH', '1999-05-27', 1.69, 72.00, 'BOLIVIANO', 'QUASI REM QUI AUT VEL NATUS. OFFICIIS EARUM ODIT DEBITIS CONSEQUATUR VELIT.', 'dwillms@example.com', '+1-724-234-2975', '845-510-3172', 'SUPERVISOR', 33, 'EXPERTO', 'ACTIVO', 'default.png', '2022-11-01', '2022-11-01 17:01:37', '2022-11-01 17:01:37');
INSERT INTO `personals` (`id`, `nombre`, `paterno`, `materno`, `ci`, `ci_exp`, `fecha_nacimiento`, `estatura`, `peso`, `nacionalidad`, `dir`, `correo`, `fono`, `cel`, `tipo`, `puntuacion_habilidad`, `habilidad`, `estado`, `foto`, `fecha_registro`, `created_at`, `updated_at`) VALUES
(148, 'DR. KARLEY VONRUEDEN', 'LEMKE', '', '708540', 'SC', '2002-02-22', 1.79, 72.00, 'BOLIVIANO', 'UT NEQUE NEQUE AUT NATUS ISTE SEQUI AMET. A EUM QUOS QUOD RATIONE RATIONE.', 'cathy.luettgen@example.org', '+1.754.515.9934', '+1 (947) 446-4829', 'SUPERVISOR', 19, 'EXPERTO', 'ACTIVO', 'default.png', '2022-11-01', '2022-11-01 17:01:37', '2022-11-01 17:01:37'),
(149, 'DR. SID SWIFT', 'OBERBRUNNER', '', '681114', 'BN', '2001-03-25', 1.88, 70.00, 'BOLIVIANO', 'EVENIET EARUM QUAS AB REPELLAT VENIAM ODIO MAGNI.', 'lilyan71@example.net', '+1.762.996.5926', '941.619.9568', 'SUPERVISOR', 69, 'EXPERTO', 'ACTIVO', 'default.png', '2022-11-01', '2022-11-01 17:01:37', '2022-11-01 17:01:37'),
(150, 'ALIA SCHAMBERGER', 'DICKENS', '', '607886', 'BN', '1999-12-07', 1.69, 76.00, 'BOLIVIANO', 'EXPEDITA EA NUMQUAM EOS ULLAM ENIM HARUM VELIT ALIQUAM.', 'valentina20@example.org', '(346) 568-3528', '1-270-629-4562', 'SUPERVISOR', 22, 'EXPERTO', 'ACTIVO', 'default.png', '2022-11-01', '2022-11-01 17:01:37', '2022-11-01 17:01:37'),
(151, 'ERIK FEIL', 'ADAMS', '', '336130', 'CB', '2000-03-24', 1.74, 77.00, 'BOLIVIANO', 'AD REICIENDIS COMMODI DEBITIS DOLOREM NULLA SIT.', 'abbie.kemmer@example.net', '1-440-345-9324', '301.748.6110', 'SUPERVISOR', 73, 'EXPERTO', 'ACTIVO', 'default.png', '2022-11-01', '2022-11-01 17:01:37', '2022-11-01 17:01:37'),
(152, 'STERLING HARBER', 'SCHMITT', '', '219191', 'CB', '2002-12-02', 1.76, 76.00, 'BOLIVIANO', 'VOLUPTATEM EXPLICABO EX AT ENIM VOLUPTATE AUT EST. DOLOR VELIT SED PORRO ILLO BEATAE DICTA.', 'nyasia.bins@example.com', '848-213-0115', '(479) 890-0581', 'SUPERVISOR', 56, 'EXPERTO', 'ACTIVO', 'default.png', '2022-11-01', '2022-11-01 17:01:37', '2022-11-01 17:01:37'),
(153, 'EVELYN FARRELL V', 'GLEICHNER', '', '70650', 'SC', '2002-03-22', 1.71, 75.00, 'BOLIVIANO', 'MODI TENETUR IN ADIPISCI. EXPEDITA SIT FUGA CONSEQUATUR VOLUPTATES.', 'uromaguera@example.net', '424.860.8325', '(909) 664-7536', 'SUPERVISOR', 76, 'EXPERTO', 'ACTIVO', 'default.png', '2022-11-01', '2022-11-01 17:01:37', '2022-11-01 17:01:37'),
(154, 'VERLIE KUNZE', 'KOVACEK', '', '103934', 'BN', '2002-05-23', 1.78, 80.00, 'BOLIVIANO', 'CONSEQUATUR IN PRAESENTIUM MINUS QUAE COMMODI QUI ALIQUAM QUISQUAM.', 'smitham.lexie@example.com', '325.402.4771', '+1-845-462-2109', 'SUPERVISOR', 14, 'EXPERTO', 'ACTIVO', 'default.png', '2022-11-01', '2022-11-01 17:01:37', '2022-11-01 17:01:37'),
(155, 'CURTIS RUNTE', 'PACOCHA', '', '373305', 'LP', '1999-01-19', 1.75, 88.00, 'BOLIVIANO', 'QUI INCIDUNT NULLA REM IUSTO EXCEPTURI.', 'kschoen@example.net', '985.744.3274', '972-854-6624', 'SUPERVISOR', 47, 'EXPERTO', 'ACTIVO', 'default.png', '2022-11-01', '2022-11-01 17:01:37', '2022-11-01 17:01:37'),
(156, 'MR. WALKER SCHOWALTER DDS', 'MRAZ', '', '486327', 'PD', '2003-06-14', 1.82, 83.00, 'BOLIVIANO', 'CONSEQUATUR VOLUPTATE AMET EA QUIA REPUDIANDAE SED IURE.', 'xbechtelar@example.org', '+1-801-584-2514', '+1 (561) 349-5031', 'SUPERVISOR', 47, 'EXPERTO', 'ACTIVO', 'default.png', '2022-11-01', '2022-11-01 17:01:37', '2022-11-01 17:01:37'),
(157, 'JUSTON BREITENBERG', 'NADER', '', '137190', 'OTRO', '2002-11-27', 1.78, 80.00, 'BOLIVIANO', 'DEBITIS ERROR SINT ODIT AB LAUDANTIUM. DOLOREM CUM ILLUM LAUDANTIUM IMPEDIT MINIMA ET.', 'hills.lauriane@example.com', '407-586-8671', '+1-731-675-4587', 'SUPERVISOR', 55, 'EXPERTO', 'ACTIVO', 'default.png', '2022-11-01', '2022-11-01 17:01:37', '2022-11-01 17:01:37'),
(158, 'MRS. CALLIE JERDE V', 'KUHIC', '', '622564', 'PD', '2003-07-17', 1.76, 80.00, 'BOLIVIANO', 'QUIA VOLUPTATE DELENITI SOLUTA NEQUE RECUSANDAE DOLORE. ILLO OMNIS ENIM QUO ENIM ET DELENITI.', 'fay.angel@example.org', '+1.917.668.7578', '469-387-0362', 'SUPERVISOR', 14, 'EXPERTO', 'ACTIVO', 'default.png', '2022-11-01', '2022-11-01 17:01:37', '2022-11-01 17:01:37'),
(159, 'LILA SPORER IV', 'HILPERT', '', '794451', 'PD', '1999-10-29', 1.68, 73.00, 'BOLIVIANO', 'IN QUOS QUOD EX BEATAE QUI. ADIPISCI MAGNAM OFFICIIS RERUM.', 'alexys.beier@example.org', '616.421.1044', '1-703-582-3744', 'SUPERVISOR', 72, 'EXPERTO', 'ACTIVO', 'default.png', '2022-11-01', '2022-11-01 17:01:37', '2022-11-01 17:01:37'),
(160, 'KELSI HAND', 'PFANNERSTILL', '', '320881', 'OR', '2002-08-21', 1.77, 79.00, 'BOLIVIANO', 'ESSE REPELLENDUS VENIAM VOLUPTATE ISTE CUPIDITATE RERUM ET. EOS ET QUOD ALIAS ALIQUID ET BEATAE.', 'pturcotte@example.net', '341-830-3881', '+15394417089', 'GUARDIA', 5, 'INTERMEDIO', 'ACTIVO', 'default.png', '2022-11-01', '2022-11-01 17:01:37', '2022-11-01 17:01:37'),
(161, 'JAY ZEMLAK', 'OBERBRUNNER', '', '81130', 'CH', '1999-08-25', 1.84, 87.00, 'BOLIVIANO', 'SUNT EST LABORUM ATQUE DOLOREMQUE. EAQUE TEMPORIBUS REM SAPIENTE SIMILIQUE.', 'dennis93@example.net', '502.616.9258', '804-393-6322', 'SUPERVISOR', 67, 'EXPERTO', 'ACTIVO', 'default.png', '2022-11-01', '2022-11-01 17:01:37', '2022-11-01 17:01:37'),
(162, 'ABDULLAH RUTHERFORD', 'HILLS', '', '767168', 'PD', '2000-06-23', 1.74, 87.00, 'BOLIVIANO', 'IUSTO OFFICIA NON ACCUSANTIUM HIC.', 'eudora.klocko@example.net', '1-830-988-8042', '1-812-799-0115', 'SUPERVISOR', 95, 'EXPERTO', 'ACTIVO', 'default.png', '2022-11-01', '2022-11-01 17:01:37', '2022-11-01 17:01:37'),
(163, 'VERDIE HIRTHE', 'REILLY', '', '784959', 'CH', '1999-09-26', 1.72, 87.00, 'BOLIVIANO', 'CONSEQUUNTUR EX FUGIT ID AUTEM ID. QUI ET NOSTRUM ACCUSANTIUM ET.', 'toy.brendan@example.org', '929-718-9648', '534-202-0822', 'SUPERVISOR', 29, 'EXPERTO', 'ACTIVO', 'default.png', '2022-11-01', '2022-11-01 17:01:37', '2022-11-01 17:01:37'),
(164, 'JORDYN HERMANN', 'BAHRINGER', '', '836200', 'LP', '2002-10-27', 1.78, 79.00, 'BOLIVIANO', 'SUNT QUAS EST AUT NIHIL ALIQUID EAQUE. UT LABORUM REPUDIANDAE IPSA MOLESTIAS EAQUE EARUM.', 'swaters@example.org', '+1 (786) 695-7890', '865.686.2243', 'SUPERVISOR', 36, 'EXPERTO', 'ACTIVO', 'default.png', '2022-11-01', '2022-11-01 17:01:37', '2022-11-01 17:01:37'),
(165, 'DR. JEROME STEUBER', 'MCGLYNN', '', '394233', 'CH', '2001-10-02', 1.66, 74.00, 'BOLIVIANO', 'EXPLICABO DOLORES RERUM ISTE NIHIL ADIPISCI UNDE ELIGENDI SAEPE. ESSE SINT ALIAS UT QUOS VITAE QUI ILLO EX.', 'jonas64@example.net', '1-909-487-9981', '564.662.5201', 'SUPERVISOR', 59, 'EXPERTO', 'ACTIVO', 'default.png', '2022-11-01', '2022-11-01 17:01:37', '2022-11-01 17:01:37'),
(166, 'COLTON LEUSCHKE', 'ROHAN', '', '82511', 'CB', '2001-07-31', 1.77, 78.00, 'BOLIVIANO', 'UNDE DOLOR DICTA DEBITIS REPELLENDUS CONSEQUUNTUR NECESSITATIBUS VOLUPTATIBUS. ISTE LABORIOSAM LABORUM ALIQUAM QUI ITAQUE.', 'shields.jovany@example.org', '(720) 329-8180', '(432) 847-9765', 'SUPERVISOR', 48, 'EXPERTO', 'ACTIVO', 'default.png', '2022-11-01', '2022-11-01 17:01:37', '2022-11-01 17:01:37'),
(167, 'AYLA GUTKOWSKI IV', 'MOEN', '', '53445', 'TJ', '2003-08-21', 1.69, 73.00, 'BOLIVIANO', 'DOLOREM VOLUPTAS REPREHENDERIT IURE AD NEMO.', 'crooks.ruthe@example.net', '1-901-387-9374', '(732) 366-0117', 'SUPERVISOR', 97, 'EXPERTO', 'ACTIVO', 'default.png', '2022-11-01', '2022-11-01 17:01:37', '2022-11-01 17:01:37'),
(168, 'PROF. MONTANA BAILEY IV', 'SENGER', '', '914148', 'OR', '2003-08-16', 1.78, 81.00, 'BOLIVIANO', 'VOLUPTAS SUNT QUAERAT DIGNISSIMOS QUO EOS VEL. ALIQUID SED QUI ASPERIORES VOLUPTATEM.', 'amy.schulist@example.org', '385.590.9535', '+16055319708', 'SUPERVISOR', 58, 'EXPERTO', 'ACTIVO', 'default.png', '2022-11-01', '2022-11-01 17:01:38', '2022-11-01 17:01:38'),
(169, 'LAVERN ROHAN', 'POLLICH', '', '697653', 'PD', '1999-06-03', 1.66, 70.00, 'BOLIVIANO', 'DOLOR FACERE QUAERAT QUI EXCEPTURI.', 'labadie.maida@example.org', '1-234-745-8643', '1-479-931-2300', 'SUPERVISOR', 90, 'EXPERTO', 'ACTIVO', 'default.png', '2022-11-01', '2022-11-01 17:01:38', '2022-11-01 17:01:38'),
(170, 'ALEC NICOLAS', 'TERRY', '', '910455', 'OTRO', '2000-09-28', 1.68, 76.00, 'BOLIVIANO', 'EST DOLOR SAPIENTE FACERE SINT EST TEMPORA SUNT.', 'jadams@example.net', '773.504.2040', '651-251-4605', 'SUPERVISOR', 8, 'MODERADO', 'ACTIVO', 'default.png', '2022-11-01', '2022-11-01 17:01:38', '2022-11-01 17:01:38'),
(171, 'GEORGIANA PURDY', 'LEANNON', '', '888318', 'PT', '2003-03-09', 1.73, 79.00, 'BOLIVIANO', 'ET UT AUT ITAQUE ENIM. DOLOREM SIMILIQUE NULLA ADIPISCI.', 'streich.dusty@example.org', '+14584139080', '774-421-3282', 'SUPERVISOR', 74, 'EXPERTO', 'ACTIVO', 'default.png', '2022-11-01', '2022-11-01 17:01:38', '2022-11-01 17:01:38'),
(172, 'MR. LEXUS HAAG', 'WEISSNAT', '', '264875', 'LP', '2002-01-20', 1.78, 85.00, 'BOLIVIANO', 'AUTEM TOTAM EXERCITATIONEM MINIMA EOS NATUS QUAERAT. QUISQUAM QUO VOLUPTATUM PROVIDENT SIT NATUS QUIBUSDAM QUI.', 'murl.buckridge@example.com', '(303) 638-0867', '+1 (806) 478-6599', 'SUPERVISOR', 40, 'EXPERTO', 'ACTIVO', 'default.png', '2022-11-01', '2022-11-01 17:01:38', '2022-11-01 17:01:38'),
(173, 'GREGORY LESCH', 'CUMMINGS', '', '84517', 'CH', '2000-04-27', 1.74, 85.00, 'BOLIVIANO', 'NOSTRUM ATQUE CORRUPTI QUI SED QUI SINT LAUDANTIUM QUIA. NESCIUNT EXERCITATIONEM UNDE ACCUSAMUS SIT.', 'arthur48@example.com', '+19413475315', '(407) 294-3655', 'SUPERVISOR', 38, 'EXPERTO', 'ACTIVO', 'default.png', '2022-11-01', '2022-11-01 17:01:38', '2022-11-01 17:01:38'),
(174, 'RONALDO STRACKE', 'HYATT', '', '580807', 'PD', '2002-06-28', 1.66, 82.00, 'BOLIVIANO', 'QUO QUOS NEQUE SIT NOSTRUM DOLORES AB. NIHIL CONSEQUATUR SAEPE AUTEM RATIONE VOLUPTATEM UT EX.', 'green.zulauf@example.net', '(651) 987-9504', '808-446-0173', 'SUPERVISOR', 84, 'EXPERTO', 'ACTIVO', 'default.png', '2022-11-01', '2022-11-01 17:01:38', '2022-11-01 17:01:38'),
(175, 'BRIGITTE RUNOLFSDOTTIR', 'GUTKOWSKI', '', '639248', 'SC', '2003-04-15', 1.74, 82.00, 'BOLIVIANO', 'NEQUE ITAQUE QUI AUT RERUM. ILLO TENETUR REPELLENDUS DOLOR ET AMET VELIT.', 'dudley.gislason@example.org', '1-470-579-3839', '248.450.3255', 'SUPERVISOR', 87, 'EXPERTO', 'ACTIVO', 'default.png', '2022-11-01', '2022-11-01 17:01:38', '2022-11-01 17:01:38'),
(176, 'MARGARITA STROMAN', 'BOYER', '', '338868', 'TJ', '2000-11-04', 1.72, 85.00, 'BOLIVIANO', 'EARUM FUGA OCCAECATI ULLAM VOLUPTAS REPREHENDERIT RERUM CONSEQUATUR. TEMPORE AUT AUTEM VOLUPTAS NOSTRUM IPSAM EST IURE.', 'macejkovic.tamia@example.net', '+1.520.631.0678', '1-470-586-0968', 'SUPERVISOR', 57, 'EXPERTO', 'ACTIVO', 'default.png', '2022-11-01', '2022-11-01 17:01:38', '2022-11-01 17:01:38'),
(177, 'GARNETT EFFERTZ', 'PAUCEK', '', '382909', 'TJ', '2003-08-18', 1.74, 87.00, 'BOLIVIANO', 'TEMPORA OPTIO ATQUE CONSEQUATUR ASPERNATUR ET ESSE ALIQUAM.', 'rolfson.rebekah@example.com', '+17853816765', '703-358-8482', 'SUPERVISOR', 79, 'EXPERTO', 'ACTIVO', 'default.png', '2022-11-01', '2022-11-01 17:01:38', '2022-11-01 17:01:38'),
(178, 'DESTINI JAKUBOWSKI', 'CRONA', '', '917078', 'PT', '2003-12-04', 1.88, 89.00, 'BOLIVIANO', 'QUIA IPSUM AT ID ITAQUE.', 'cronin.betsy@example.com', '+1.480.701.2088', '954-626-7969', 'SUPERVISOR', 73, 'EXPERTO', 'ACTIVO', 'default.png', '2022-11-01', '2022-11-01 17:01:38', '2022-11-01 17:01:38'),
(179, 'KENDALL STROSIN II', 'BRUEN', '', '412576', 'PT', '2000-06-19', 1.69, 70.00, 'BOLIVIANO', 'VOLUPTATUM QUIA ARCHITECTO SEQUI DIGNISSIMOS.', 'hoppe.diana@example.org', '1-931-899-4929', '(972) 722-3194', 'SUPERVISOR', 92, 'EXPERTO', 'ACTIVO', 'default.png', '2022-11-01', '2022-11-01 17:01:38', '2022-11-01 17:01:38'),
(180, 'MISS CATHERINE DACH JR.', 'KUHLMAN', '', '236745', 'LP', '2003-07-04', 1.67, 74.00, 'BOLIVIANO', 'EUM ET COMMODI BEATAE HARUM. NULLA BEATAE DUCIMUS ET QUIBUSDAM VEL REPREHENDERIT EUM.', 'myrtis44@example.org', '+1 (681) 490-4459', '949-766-3554', 'SUPERVISOR', 97, 'EXPERTO', 'ACTIVO', 'default.png', '2022-11-01', '2022-11-01 17:01:38', '2022-11-01 17:01:38'),
(181, 'MISS AMAYA COLLIER', 'MOSCISKI', '', '101773', 'TJ', '1999-03-08', 1.77, 81.00, 'BOLIVIANO', 'CONSEQUATUR FACERE DISTINCTIO DELENITI.', 'schuppe.keenan@example.org', '(806) 664-8261', '1-534-561-7795', 'GUARDIA', 1, 'PRINCIPIANTE', 'ACTIVO', 'default.png', '2022-11-01', '2022-11-01 17:01:38', '2022-11-01 17:01:38'),
(182, 'VELMA POWLOWSKI PHD', 'NIENOW', '', '254996', 'OTRO', '2000-11-11', 1.77, 72.00, 'BOLIVIANO', 'VELIT MAGNAM SED SOLUTA VOLUPTAS ESSE DOLOREM BLANDITIIS NIHIL.', 'lee.schaden@example.com', '(540) 499-3512', '+1-252-969-0010', 'SUPERVISOR', 38, 'EXPERTO', 'ACTIVO', 'default.png', '2022-11-01', '2022-11-01 17:01:38', '2022-11-01 17:01:38'),
(183, 'PINK HODKIEWICZ', 'ERDMAN', '', '643791', 'TJ', '2003-06-07', 1.82, 77.00, 'BOLIVIANO', 'CONSECTETUR IN QUAERAT UT IPSUM.', 'shaniya.ortiz@example.net', '+1-458-666-8371', '430-218-2131', 'SUPERVISOR', 62, 'EXPERTO', 'ACTIVO', 'default.png', '2022-11-01', '2022-11-01 17:01:38', '2022-11-01 17:01:38'),
(184, 'DR. DULCE SCHIMMEL', 'LEMKE', '', '114846', 'BN', '2003-10-17', 1.82, 88.00, 'BOLIVIANO', 'SUSCIPIT RECUSANDAE AMET ULLAM. ACCUSANTIUM DICTA LIBERO EST FUGIAT ET ILLUM AT REPELLAT.', 'ellen.schoen@example.com', '1-469-225-4304', '+19495102518', 'SUPERVISOR', 36, 'EXPERTO', 'ACTIVO', 'default.png', '2022-11-01', '2022-11-01 17:01:38', '2022-11-01 17:01:38'),
(185, 'BELL RUECKER', 'MCKENZIE', '', '96311', 'OR', '2000-10-19', 1.90, 74.00, 'BOLIVIANO', 'EST ITAQUE DOLOR EUM EA REPUDIANDAE.', 'josiah.reynolds@example.org', '1-361-620-5449', '+1 (586) 864-9934', 'SUPERVISOR', 15, 'EXPERTO', 'ACTIVO', 'default.png', '2022-11-01', '2022-11-01 17:01:38', '2022-11-01 17:01:38'),
(186, 'JOHN BOTSFORD', 'HERZOG', '', '606321', 'OR', '2003-08-16', 1.83, 88.00, 'BOLIVIANO', 'ENIM OFFICIIS IURE IURE QUI. VITAE ILLUM APERIAM RATIONE MAGNI SED A.', 'breanne.gleichner@example.org', '+1-341-825-5516', '(260) 723-2479', 'SUPERVISOR', 59, 'EXPERTO', 'ACTIVO', 'default.png', '2022-11-01', '2022-11-01 17:01:38', '2022-11-01 17:01:38'),
(187, 'MS. HELEN SCHMIDT', 'CRUICKSHANK', '', '956207', 'SC', '1999-08-22', 1.78, 86.00, 'BOLIVIANO', 'PERSPICIATIS QUAM EAQUE INCIDUNT REPREHENDERIT NOBIS. UT EX QUO ACCUSANTIUM ENIM VOLUPTAS.', 'considine.tressie@example.com', '1-309-920-4475', '+15138231790', 'SUPERVISOR', 51, 'EXPERTO', 'ACTIVO', 'default.png', '2022-11-01', '2022-11-01 17:01:38', '2022-11-01 17:01:38'),
(188, 'MR. ARMANI COLLIER', 'CASSIN', '', '450119', 'OTRO', '2001-01-15', 1.75, 79.00, 'BOLIVIANO', 'OMNIS MAXIME ANIMI QUI MOLESTIAE LABORUM.', 'toy27@example.org', '+1 (351) 993-3349', '+1.769.506.5012', 'SUPERVISOR', 33, 'EXPERTO', 'ACTIVO', 'default.png', '2022-11-01', '2022-11-01 17:01:38', '2022-11-01 17:01:38'),
(189, 'NONA KERTZMANN', 'WILLIAMSON', '', '515683', 'PT', '1999-11-01', 1.88, 72.00, 'BOLIVIANO', 'RATIONE VITAE RERUM IPSUM QUIS VOLUPTAS TEMPORA ACCUSAMUS QUIS. NAM AMET NESCIUNT EST AUT.', 'wmacejkovic@example.com', '+1-231-485-4863', '1-612-457-9849', 'SUPERVISOR', 92, 'EXPERTO', 'ACTIVO', 'default.png', '2022-11-01', '2022-11-01 17:01:38', '2022-11-01 17:01:38'),
(190, 'SELENA BAILEY', 'BOGISICH', '', '757544', 'OTRO', '1999-06-24', 1.66, 78.00, 'BOLIVIANO', 'IPSAM UT ET HIC ERROR IN CUMQUE.', 'candice.luettgen@example.net', '1-970-529-7663', '1-769-275-4948', 'SUPERVISOR', 92, 'EXPERTO', 'ACTIVO', 'default.png', '2022-11-01', '2022-11-01 17:01:38', '2022-11-01 17:01:38'),
(191, 'GIANNI ROBERTS', 'BASHIRIAN', '', '148478', 'TJ', '2002-03-28', 1.73, 85.00, 'BOLIVIANO', 'NEQUE FUGIAT QUAM OFFICIIS UT.', 'emiller@example.net', '360.530.9853', '+1 (629) 516-0547', 'SUPERVISOR', 100, 'EXPERTO', 'ACTIVO', 'default.png', '2022-11-01', '2022-11-01 17:01:38', '2022-11-01 17:01:38'),
(192, 'HATTIE GREENHOLT', 'WILKINSON', '', '52056', 'PD', '2000-11-13', 1.85, 80.00, 'BOLIVIANO', 'QUISQUAM EUM QUIA EX DOLOREM BEATAE FUGIAT UT. TEMPORIBUS DUCIMUS CULPA RECUSANDAE IURE AB QUAS SED.', 'daphne.smith@example.com', '+1-630-894-9600', '1-678-519-0407', 'SUPERVISOR', 12, 'EXPERTO', 'ACTIVO', 'default.png', '2022-11-01', '2022-11-01 17:01:38', '2022-11-01 17:01:38'),
(193, 'KRISTIAN BERGSTROM', 'ROGAHN', '', '892415', 'BN', '2002-08-30', 1.89, 70.00, 'BOLIVIANO', 'NULLA ET REPELLENDUS TOTAM PERFERENDIS EAQUE.', 'iweimann@example.com', '+1.765.686.3546', '(740) 266-8870', 'SUPERVISOR', 99, 'EXPERTO', 'ACTIVO', 'default.png', '2022-11-01', '2022-11-01 17:01:38', '2022-11-01 17:01:38'),
(194, 'DR. SHAWN COLLINS', 'MOSCISKI', '', '571573', 'PT', '2002-09-01', 1.89, 82.00, 'BOLIVIANO', 'ANIMI QUIDEM QUI VOLUPTAS RERUM ACCUSAMUS PARIATUR.', 'beulah.hackett@example.net', '484-250-5949', '+1 (352) 618-2105', 'SUPERVISOR', 24, 'EXPERTO', 'ACTIVO', 'default.png', '2022-11-01', '2022-11-01 17:01:38', '2022-11-01 17:01:38'),
(195, 'JOHNATHON SHANAHAN', 'CHRISTIANSEN', '', '724423', 'TJ', '2000-03-31', 1.73, 70.00, 'BOLIVIANO', 'REPREHENDERIT OCCAECATI REM QUISQUAM TEMPORE MAGNI ID REPELLENDUS.', 'cruickshank.sasha@example.org', '805.664.7067', '(717) 572-6837', 'SUPERVISOR', 52, 'EXPERTO', 'ACTIVO', 'default.png', '2022-11-01', '2022-11-01 17:01:38', '2022-11-01 17:01:38'),
(196, 'PROF. CASPER KOCH IV', 'BERNHARD', '', '221339', 'PD', '2003-06-01', 1.76, 90.00, 'BOLIVIANO', 'DISTINCTIO ELIGENDI QUASI OPTIO EOS CONSEQUATUR. NON VELIT CORPORIS QUIA MINIMA NOSTRUM ET.', 'candace.bashirian@example.net', '1-602-434-0659', '641.899.8158', 'SUPERVISOR', 71, 'EXPERTO', 'ACTIVO', 'default.png', '2022-11-01', '2022-11-01 17:01:38', '2022-11-01 17:01:38'),
(197, 'MARIANNE MURRAY', 'DICKI', '', '398128', 'OR', '2002-03-09', 1.70, 88.00, 'BOLIVIANO', 'MODI OFFICIIS QUI NOBIS MAGNI IURE EOS.', 'ansel.schoen@example.net', '336-530-0345', '1-815-201-9035', 'SUPERVISOR', 100, 'EXPERTO', 'ACTIVO', 'default.png', '2022-11-01', '2022-11-01 17:01:38', '2022-11-01 17:01:38'),
(198, 'RETHA BAILEY', 'FISHER', '', '486006', 'LP', '2001-06-10', 1.70, 84.00, 'BOLIVIANO', 'AUT APERIAM SUNT TEMPORA VEL NEMO VOLUPTATEM RECUSANDAE.', 'vernie.schinner@example.com', '+1.480.319.8778', '337.570.1731', 'SUPERVISOR', 53, 'EXPERTO', 'ACTIVO', 'default.png', '2022-11-01', '2022-11-01 17:01:38', '2022-11-01 17:01:38'),
(199, 'LUIGI RUNOLFSDOTTIR', 'KREIGER', '', '853879', 'PD', '2002-05-08', 1.84, 83.00, 'BOLIVIANO', 'QUISQUAM UT ET VITAE MINUS EUM DESERUNT COMMODI.', 'aconsidine@example.org', '+17545175895', '+17343305961', 'SUPERVISOR', 29, 'EXPERTO', 'ACTIVO', 'default.png', '2022-11-01', '2022-11-01 17:01:38', '2022-11-01 17:01:38'),
(200, 'GERHARD HERZOG', 'WINDLER', '', '535077', 'LP', '1999-08-27', 1.78, 77.00, 'BOLIVIANO', 'ELIGENDI RATIONE MINIMA AT PERFERENDIS. ILLO SUNT ESSE DOLOREMQUE CONSEQUATUR.', 'qosinski@example.org', '1-254-368-7540', '+1-571-827-2596', 'SUPERVISOR', 56, 'EXPERTO', 'ACTIVO', 'default.png', '2022-11-01', '2022-11-01 17:01:38', '2022-11-01 17:01:38'),
(201, 'MISS CHARLOTTE ORTIZ', 'LOCKMAN', '', '354462', 'OTRO', '2001-04-19', 1.79, 81.00, 'BOLIVIANO', 'DOLOREMQUE QUAE ID SIT QUIA RERUM.', 'leatha.prohaska@example.net', '+1-681-795-7058', '+1 (206) 607-9819', 'SUPERVISOR', 19, 'EXPERTO', 'ACTIVO', 'default.png', '2022-11-01', '2022-11-01 17:01:38', '2022-11-01 17:01:38'),
(202, 'SILAS COLLIER I', 'LYNCH', '', '964624', 'CB', '2000-09-19', 1.70, 85.00, 'BOLIVIANO', 'VERITATIS ET SEQUI TEMPORIBUS DICTA QUOD QUIS ET. BLANDITIIS ERROR CORPORIS ENIM LABORIOSAM PROVIDENT LABORIOSAM OFFICIA DESERUNT.', 'webster62@example.com', '+19174093242', '678-781-8054', 'SUPERVISOR', 78, 'EXPERTO', 'ACTIVO', 'default.png', '2022-11-01', '2022-11-01 17:01:38', '2022-11-01 17:01:38'),
(203, 'PROF. KIAN CRUICKSHANK', 'ROOB', '', '240599', 'CB', '2001-10-16', 1.72, 84.00, 'BOLIVIANO', 'ITAQUE NOBIS FUGIT NEQUE VOLUPTAS ENIM IURE EX ET.', 'vgreen@example.com', '(919) 817-4268', '1-740-943-1616', 'SUPERVISOR', 10, 'MODERADO', 'ACTIVO', 'default.png', '2022-11-01', '2022-11-01 17:01:38', '2022-11-01 17:01:38'),
(204, 'ROGELIO TURNER', 'WATERS', '', '384790', 'LP', '2000-04-03', 1.82, 81.00, 'BOLIVIANO', 'DEBITIS LABORUM IURE ET ANIMI RERUM POSSIMUS SED. UT OMNIS ULLAM CUMQUE.', 'sydnee.williamson@example.net', '+1 (530) 326-5293', '+1-954-401-7797', 'SUPERVISOR', 64, 'EXPERTO', 'ACTIVO', 'default.png', '2022-11-01', '2022-11-01 17:01:38', '2022-11-01 17:01:38'),
(205, 'RUSSEL SCHOEN', 'MOSCISKI', '', '681744', 'SC', '1999-09-23', 1.65, 83.00, 'BOLIVIANO', 'OMNIS ALIQUAM CONSEQUATUR RATIONE POSSIMUS REPREHENDERIT.', 'jana07@example.com', '334-546-8771', '(423) 725-0215', 'GUARDIA', 3, 'PRINCIPIANTE', 'ACTIVO', 'default.png', '2022-11-01', '2022-11-01 17:01:38', '2022-11-01 17:01:38'),
(206, 'AISHA HETTINGER DVM', 'DONNELLY', '', '522670', 'BN', '2002-07-13', 1.79, 80.00, 'BOLIVIANO', 'AUT QUO ODIO QUI MOLESTIAE.', 'shanel.king@example.net', '+13853803302', '361.744.6153', 'SUPERVISOR', 25, 'EXPERTO', 'ACTIVO', 'default.png', '2022-11-01', '2022-11-01 17:01:38', '2022-11-01 17:01:38'),
(207, 'MRS. CATERINA GLEICHNER', 'SCHUSTER', '', '499850', 'LP', '2002-05-28', 1.69, 87.00, 'BOLIVIANO', 'QUISQUAM MAGNI MOLESTIAS OMNIS. EOS FACILIS SUSCIPIT ALIQUID NECESSITATIBUS.', 'evalyn.rogahn@example.com', '838.608.0937', '+1-678-541-1183', 'SUPERVISOR', 38, 'EXPERTO', 'ACTIVO', 'default.png', '2022-11-01', '2022-11-01 17:01:39', '2022-11-01 17:01:39'),
(208, 'PROF. MABLE MOORE SR.', 'BROWN', '', '749621', 'SC', '2002-06-16', 1.73, 76.00, 'BOLIVIANO', 'AUT UT EOS QUIA MODI ITAQUE. EXERCITATIONEM ID SAEPE QUO DEBITIS UT.', 'wwiegand@example.com', '(747) 806-5224', '(610) 789-6144', 'SUPERVISOR', 81, 'EXPERTO', 'ACTIVO', 'default.png', '2022-11-01', '2022-11-01 17:01:39', '2022-11-01 17:01:39');

-- --------------------------------------------------------

--
-- Estructura de tabla para la tabla `personal_access_tokens`
--

CREATE TABLE `personal_access_tokens` (
  `id` bigint(20) UNSIGNED NOT NULL,
  `tokenable_type` varchar(255) COLLATE utf8mb4_unicode_ci NOT NULL,
  `tokenable_id` bigint(20) UNSIGNED NOT NULL,
  `name` varchar(255) COLLATE utf8mb4_unicode_ci NOT NULL,
  `token` varchar(64) COLLATE utf8mb4_unicode_ci NOT NULL,
  `abilities` text COLLATE utf8mb4_unicode_ci,
  `last_used_at` timestamp NULL DEFAULT NULL,
  `created_at` timestamp NULL DEFAULT NULL,
  `updated_at` timestamp NULL DEFAULT NULL
) ENGINE=InnoDB DEFAULT CHARSET=utf8mb4 COLLATE=utf8mb4_unicode_ci;

-- --------------------------------------------------------

--
-- Estructura de tabla para la tabla `puesto_vigilancias`
--

CREATE TABLE `puesto_vigilancias` (
  `id` bigint(20) UNSIGNED NOT NULL,
  `nombre` varchar(255) COLLATE utf8mb4_unicode_ci NOT NULL,
  `descripcion` text COLLATE utf8mb4_unicode_ci NOT NULL,
  `personal` int(11) NOT NULL,
  `nivel` varchar(255) COLLATE utf8mb4_unicode_ci NOT NULL,
  `propietario` varchar(255) COLLATE utf8mb4_unicode_ci NOT NULL,
  `estado` enum('ACTIVO','INACTIVO') COLLATE utf8mb4_unicode_ci NOT NULL,
  `fecha_registro` date NOT NULL,
  `created_at` timestamp NULL DEFAULT NULL,
  `updated_at` timestamp NULL DEFAULT NULL
) ENGINE=InnoDB DEFAULT CHARSET=utf8mb4 COLLATE=utf8mb4_unicode_ci;

--
-- Volcado de datos para la tabla `puesto_vigilancias`
--

INSERT INTO `puesto_vigilancias` (`id`, `nombre`, `descripcion`, `personal`, `nivel`, `propietario`, `estado`, `fecha_registro`, `created_at`, `updated_at`) VALUES
(1, 'PUESTO A', '', 15, 'ALTO', 'JUAN PERES', 'ACTIVO', '2022-09-23', '2022-09-23 17:00:48', '2022-10-29 17:24:36'),
(2, 'PUESTO B', '', 10, 'MEDIO', 'JORGE RAMIRES', 'ACTIVO', '2022-09-23', '2022-09-23 17:00:56', '2022-10-29 17:24:44'),
(3, 'PUESTO C', '', 6, 'BASICO', 'LUIS SUAREZ', 'ACTIVO', '2022-09-23', '2022-09-23 17:01:02', '2022-10-29 17:24:54'),
(5, 'PUESTO D', '', 6, 'BASICO', 'CARLOS RAMIRES', 'INACTIVO', '2022-10-29', '2022-10-29 17:18:31', '2022-10-31 16:07:38'),
(6, 'PUESTO E', '', 15, 'ALTO', 'ALFONSO RODRIGUEZ', 'INACTIVO', '2022-10-29', '2022-10-29 17:25:32', '2022-10-29 17:25:32');

-- --------------------------------------------------------

--
-- Estructura de tabla para la tabla `users`
--

CREATE TABLE `users` (
  `id` bigint(20) UNSIGNED NOT NULL,
  `usuario` varchar(255) COLLATE utf8mb4_unicode_ci NOT NULL,
  `nombre` varchar(255) COLLATE utf8mb4_unicode_ci NOT NULL,
  `paterno` varchar(255) COLLATE utf8mb4_unicode_ci NOT NULL,
  `materno` varchar(255) COLLATE utf8mb4_unicode_ci DEFAULT NULL,
  `ci` varchar(100) COLLATE utf8mb4_unicode_ci NOT NULL,
  `ci_exp` varchar(20) COLLATE utf8mb4_unicode_ci NOT NULL,
  `dir` varchar(255) COLLATE utf8mb4_unicode_ci NOT NULL,
  `correo` varchar(255) COLLATE utf8mb4_unicode_ci DEFAULT NULL,
  `fono` varchar(255) COLLATE utf8mb4_unicode_ci NOT NULL,
  `cel` varchar(255) COLLATE utf8mb4_unicode_ci NOT NULL,
  `password` varchar(255) COLLATE utf8mb4_unicode_ci NOT NULL,
  `tipo` enum('ADMINISTRADOR','SUPERVISOR') COLLATE utf8mb4_unicode_ci NOT NULL,
  `foto` varchar(255) COLLATE utf8mb4_unicode_ci DEFAULT NULL,
  `fecha_registro` date NOT NULL,
  `created_at` timestamp NULL DEFAULT NULL,
  `updated_at` timestamp NULL DEFAULT NULL
) ENGINE=InnoDB DEFAULT CHARSET=utf8mb4 COLLATE=utf8mb4_unicode_ci;

--
-- Volcado de datos para la tabla `users`
--

INSERT INTO `users` (`id`, `usuario`, `nombre`, `paterno`, `materno`, `ci`, `ci_exp`, `dir`, `correo`, `fono`, `cel`, `password`, `tipo`, `foto`, `fecha_registro`, `created_at`, `updated_at`) VALUES
(1, 'admin', 'admin', 'admin', NULL, '', '', '', 'admin@gmail.com', '0', '0', '$2y$10$cDSOdzTsMDQAfqcb6.WFtu40s.wmQ4Jl8poIwW69MSZnnedD3prKu', 'ADMINISTRADOR', 'default.png', '2022-09-16', NULL, NULL),
(2, 'JPERES', 'JUAN', 'PERES', '', '1234', 'LP', 'ZONA LOS OLIVOS CALLE 3 #3232', '', '2222222', '7777777', '$2y$10$zgJXSX8wtIbGV2iogFznZOex5p.SamEh7zJug9Uw/bGyTVm6QTfxa', 'ADMINISTRADOR', '1663954188_JPERES.jpg', '2022-09-19', '2022-09-19 19:35:02', '2022-09-23 17:29:48'),
(3, 'MPRADO', 'MARIA', 'PRADO', '', '2222', 'LP', 'ZONA LOS OLIVOS CALLE 3 #3232', 'maria@gmail.com', '222222', '7777777', '$2y$10$T/rKuV1AbDEkHz6J5dt.oO0ZMd6dI1AoBSPiy6PajVUMFRBmHrOZy', 'SUPERVISOR', '1663954513_MPRADO.jpg', '2022-09-19', '2022-09-19 19:36:18', '2022-09-23 17:35:13');

-- --------------------------------------------------------

--
-- Estructura de tabla para la tabla `valoracion_personals`
--

CREATE TABLE `valoracion_personals` (
  `id` bigint(20) UNSIGNED NOT NULL,
  `cant_min_experto` int(11) NOT NULL,
  `cant_max_experto` int(11) NOT NULL,
  `cant_min_moderado` int(11) NOT NULL,
  `cant_max_moderado` int(11) NOT NULL,
  `cant_min_intermedio` int(11) NOT NULL,
  `cant_max_intermedio` int(11) NOT NULL,
  `cant_min_principiante` int(11) NOT NULL,
  `cant_max_principiante` int(11) NOT NULL,
  `created_at` timestamp NULL DEFAULT NULL,
  `updated_at` timestamp NULL DEFAULT NULL
) ENGINE=InnoDB DEFAULT CHARSET=utf8mb4 COLLATE=utf8mb4_unicode_ci;

--
-- Volcado de datos para la tabla `valoracion_personals`
--

INSERT INTO `valoracion_personals` (`id`, `cant_min_experto`, `cant_max_experto`, `cant_min_moderado`, `cant_max_moderado`, `cant_min_intermedio`, `cant_max_intermedio`, `cant_min_principiante`, `cant_max_principiante`, `created_at`, `updated_at`) VALUES
(1, 12, 15, 8, 11, 4, 7, 1, 3, NULL, '2022-11-01 14:58:26');

-- --------------------------------------------------------

--
-- Estructura de tabla para la tabla `valoracion_puestos`
--

CREATE TABLE `valoracion_puestos` (
  `id` bigint(20) UNSIGNED NOT NULL,
  `cant_min_per_alto` int(11) NOT NULL,
  `cant_max_per_alto` int(11) NOT NULL,
  `cant_min_sup_alto` int(11) NOT NULL,
  `cant_min_guar_alto` int(11) NOT NULL,
  `cant_max_guar_alto` int(11) NOT NULL,
  `cant_min_per_medio` int(11) NOT NULL,
  `cant_max_per_medio` int(11) NOT NULL,
  `cant_min_sup_medio` int(11) NOT NULL,
  `cant_min_guar_medio` int(11) NOT NULL,
  `cant_max_guar_medio` int(11) NOT NULL,
  `cant_min_per_basico` int(11) NOT NULL,
  `cant_max_per_basico` int(11) NOT NULL,
  `cant_min_sup_basico` int(11) NOT NULL,
  `cant_min_guar_basico` int(11) NOT NULL,
  `cant_max_guar_basico` int(11) NOT NULL,
  `created_at` timestamp NULL DEFAULT NULL,
  `updated_at` timestamp NULL DEFAULT NULL
) ENGINE=InnoDB DEFAULT CHARSET=utf8mb4 COLLATE=utf8mb4_unicode_ci;

--
-- Volcado de datos para la tabla `valoracion_puestos`
--

INSERT INTO `valoracion_puestos` (`id`, `cant_min_per_alto`, `cant_max_per_alto`, `cant_min_sup_alto`, `cant_min_guar_alto`, `cant_max_guar_alto`, `cant_min_per_medio`, `cant_max_per_medio`, `cant_min_sup_medio`, `cant_min_guar_medio`, `cant_max_guar_medio`, `cant_min_per_basico`, `cant_max_per_basico`, `cant_min_sup_basico`, `cant_min_guar_basico`, `cant_max_guar_basico`, `created_at`, `updated_at`) VALUES
(1, 11, 15, 4, 7, 11, 7, 10, 3, 4, 7, 4, 6, 2, 2, 4, NULL, '2022-11-01 14:58:37');

--
-- Índices para tablas volcadas
--

--
-- Indices de la tabla `asignacions`
--
ALTER TABLE `asignacions`
  ADD PRIMARY KEY (`id`),
  ADD KEY `asignacions_puesto_vigilancia_id_foreign` (`puesto_vigilancia_id`);

--
-- Indices de la tabla `asignacion_personals`
--
ALTER TABLE `asignacion_personals`
  ADD PRIMARY KEY (`id`),
  ADD KEY `asignacion_personals_asignacion_id_foreign` (`asignacion_id`),
  ADD KEY `asignacion_personals_personal_id_foreign` (`personal_id`);

--
-- Indices de la tabla `asistencias`
--
ALTER TABLE `asistencias`
  ADD PRIMARY KEY (`id`),
  ADD KEY `asistencias_personal_id_foreign` (`personal_id`);

--
-- Indices de la tabla `configuracions`
--
ALTER TABLE `configuracions`
  ADD PRIMARY KEY (`id`);

--
-- Indices de la tabla `generacions`
--
ALTER TABLE `generacions`
  ADD PRIMARY KEY (`id`);

--
-- Indices de la tabla `materials`
--
ALTER TABLE `materials`
  ADD PRIMARY KEY (`id`),
  ADD KEY `materials_puesto_vigilancia_id_foreign` (`puesto_vigilancia_id`);

--
-- Indices de la tabla `migrations`
--
ALTER TABLE `migrations`
  ADD PRIMARY KEY (`id`);

--
-- Indices de la tabla `personals`
--
ALTER TABLE `personals`
  ADD PRIMARY KEY (`id`);

--
-- Indices de la tabla `personal_access_tokens`
--
ALTER TABLE `personal_access_tokens`
  ADD PRIMARY KEY (`id`),
  ADD UNIQUE KEY `personal_access_tokens_token_unique` (`token`),
  ADD KEY `personal_access_tokens_tokenable_type_tokenable_id_index` (`tokenable_type`,`tokenable_id`);

--
-- Indices de la tabla `puesto_vigilancias`
--
ALTER TABLE `puesto_vigilancias`
  ADD PRIMARY KEY (`id`);

--
-- Indices de la tabla `users`
--
ALTER TABLE `users`
  ADD PRIMARY KEY (`id`);

--
-- Indices de la tabla `valoracion_personals`
--
ALTER TABLE `valoracion_personals`
  ADD PRIMARY KEY (`id`);

--
-- Indices de la tabla `valoracion_puestos`
--
ALTER TABLE `valoracion_puestos`
  ADD PRIMARY KEY (`id`);

--
-- AUTO_INCREMENT de las tablas volcadas
--

--
-- AUTO_INCREMENT de la tabla `asignacions`
--
ALTER TABLE `asignacions`
  MODIFY `id` bigint(20) UNSIGNED NOT NULL AUTO_INCREMENT, AUTO_INCREMENT=4;

--
-- AUTO_INCREMENT de la tabla `asignacion_personals`
--
ALTER TABLE `asignacion_personals`
  MODIFY `id` bigint(20) UNSIGNED NOT NULL AUTO_INCREMENT, AUTO_INCREMENT=23;

--
-- AUTO_INCREMENT de la tabla `asistencias`
--
ALTER TABLE `asistencias`
  MODIFY `id` bigint(20) UNSIGNED NOT NULL AUTO_INCREMENT, AUTO_INCREMENT=5;

--
-- AUTO_INCREMENT de la tabla `configuracions`
--
ALTER TABLE `configuracions`
  MODIFY `id` bigint(20) UNSIGNED NOT NULL AUTO_INCREMENT, AUTO_INCREMENT=2;

--
-- AUTO_INCREMENT de la tabla `generacions`
--
ALTER TABLE `generacions`
  MODIFY `id` bigint(20) UNSIGNED NOT NULL AUTO_INCREMENT, AUTO_INCREMENT=2;

--
-- AUTO_INCREMENT de la tabla `materials`
--
ALTER TABLE `materials`
  MODIFY `id` bigint(20) UNSIGNED NOT NULL AUTO_INCREMENT, AUTO_INCREMENT=4;

--
-- AUTO_INCREMENT de la tabla `migrations`
--
ALTER TABLE `migrations`
  MODIFY `id` int(10) UNSIGNED NOT NULL AUTO_INCREMENT, AUTO_INCREMENT=16;

--
-- AUTO_INCREMENT de la tabla `personals`
--
ALTER TABLE `personals`
  MODIFY `id` bigint(20) UNSIGNED NOT NULL AUTO_INCREMENT, AUTO_INCREMENT=209;

--
-- AUTO_INCREMENT de la tabla `personal_access_tokens`
--
ALTER TABLE `personal_access_tokens`
  MODIFY `id` bigint(20) UNSIGNED NOT NULL AUTO_INCREMENT;

--
-- AUTO_INCREMENT de la tabla `puesto_vigilancias`
--
ALTER TABLE `puesto_vigilancias`
  MODIFY `id` bigint(20) UNSIGNED NOT NULL AUTO_INCREMENT, AUTO_INCREMENT=7;

--
-- AUTO_INCREMENT de la tabla `users`
--
ALTER TABLE `users`
  MODIFY `id` bigint(20) UNSIGNED NOT NULL AUTO_INCREMENT, AUTO_INCREMENT=4;

--
-- AUTO_INCREMENT de la tabla `valoracion_personals`
--
ALTER TABLE `valoracion_personals`
  MODIFY `id` bigint(20) UNSIGNED NOT NULL AUTO_INCREMENT, AUTO_INCREMENT=2;

--
-- AUTO_INCREMENT de la tabla `valoracion_puestos`
--
ALTER TABLE `valoracion_puestos`
  MODIFY `id` bigint(20) UNSIGNED NOT NULL AUTO_INCREMENT, AUTO_INCREMENT=2;

--
-- Restricciones para tablas volcadas
--

--
-- Filtros para la tabla `asignacions`
--
ALTER TABLE `asignacions`
  ADD CONSTRAINT `asignacions_puesto_vigilancia_id_foreign` FOREIGN KEY (`puesto_vigilancia_id`) REFERENCES `puesto_vigilancias` (`id`);

--
-- Filtros para la tabla `asignacion_personals`
--
ALTER TABLE `asignacion_personals`
  ADD CONSTRAINT `asignacion_personals_asignacion_id_foreign` FOREIGN KEY (`asignacion_id`) REFERENCES `asignacions` (`id`),
  ADD CONSTRAINT `asignacion_personals_personal_id_foreign` FOREIGN KEY (`personal_id`) REFERENCES `personals` (`id`);

--
-- Filtros para la tabla `asistencias`
--
ALTER TABLE `asistencias`
  ADD CONSTRAINT `asistencias_personal_id_foreign` FOREIGN KEY (`personal_id`) REFERENCES `personals` (`id`);

--
-- Filtros para la tabla `materials`
--
ALTER TABLE `materials`
  ADD CONSTRAINT `materials_puesto_vigilancia_id_foreign` FOREIGN KEY (`puesto_vigilancia_id`) REFERENCES `puesto_vigilancias` (`id`);
COMMIT;

/*!40101 SET CHARACTER_SET_CLIENT=@OLD_CHARACTER_SET_CLIENT */;
/*!40101 SET CHARACTER_SET_RESULTS=@OLD_CHARACTER_SET_RESULTS */;
/*!40101 SET COLLATION_CONNECTION=@OLD_COLLATION_CONNECTION */;
