-- phpMyAdmin SQL Dump
-- version 5.1.1
-- https://www.phpmyadmin.net/
--
-- Servidor: localhost:3306
-- Tiempo de generación: 23-09-2022 a las 17:35:26
-- Versión del servidor: 5.7.33
-- Versión de PHP: 7.4.19

SET SQL_MODE = "NO_AUTO_VALUE_ON_ZERO";
START TRANSACTION;
SET time_zone = "+00:00";


/*!40101 SET @OLD_CHARACTER_SET_CLIENT=@@CHARACTER_SET_CLIENT */;
/*!40101 SET @OLD_CHARACTER_SET_RESULTS=@@CHARACTER_SET_RESULTS */;
/*!40101 SET @OLD_COLLATION_CONNECTION=@@COLLATION_CONNECTION */;
/*!40101 SET NAMES utf8mb4 */;

--
-- Base de datos: `sisgen_db`
--

-- --------------------------------------------------------

--
-- Estructura de tabla para la tabla `asignacions`
--

CREATE TABLE `asignacions` (
  `id` bigint(20) UNSIGNED NOT NULL,
  `puesto_vigilancia_id` bigint(20) UNSIGNED NOT NULL,
  `fecha_registro` date NOT NULL,
  `created_at` timestamp NULL DEFAULT NULL,
  `updated_at` timestamp NULL DEFAULT NULL
) ENGINE=InnoDB DEFAULT CHARSET=utf8mb4 COLLATE=utf8mb4_unicode_ci;

--
-- Volcado de datos para la tabla `asignacions`
--

INSERT INTO `asignacions` (`id`, `puesto_vigilancia_id`, `fecha_registro`, `created_at`, `updated_at`) VALUES
(1, 1, '2022-09-23', '2022-09-23 17:26:22', '2022-09-23 17:26:22'),
(2, 2, '2022-09-23', '2022-09-23 17:26:23', '2022-09-23 17:26:23'),
(3, 3, '2022-09-23', '2022-09-23 17:26:23', '2022-09-23 17:26:23');

-- --------------------------------------------------------

--
-- Estructura de tabla para la tabla `asignacion_personals`
--

CREATE TABLE `asignacion_personals` (
  `id` bigint(20) UNSIGNED NOT NULL,
  `asignacion_id` bigint(20) UNSIGNED NOT NULL,
  `personal_id` bigint(20) UNSIGNED NOT NULL,
  `tipo_personal` varchar(255) COLLATE utf8mb4_unicode_ci NOT NULL,
  `created_at` timestamp NULL DEFAULT NULL,
  `updated_at` timestamp NULL DEFAULT NULL
) ENGINE=InnoDB DEFAULT CHARSET=utf8mb4 COLLATE=utf8mb4_unicode_ci;

--
-- Volcado de datos para la tabla `asignacion_personals`
--

INSERT INTO `asignacion_personals` (`id`, `asignacion_id`, `personal_id`, `tipo_personal`, `created_at`, `updated_at`) VALUES
(1, 1, 1, 'SUPERVISOR', '2022-09-23 17:26:22', '2022-09-23 17:26:22'),
(2, 1, 89, 'GUARDIA', '2022-09-23 17:26:22', '2022-09-23 17:26:22'),
(3, 1, 103, 'SUPERVISOR', '2022-09-23 17:26:22', '2022-09-23 17:26:22'),
(4, 1, 2, 'GUARDIA', '2022-09-23 17:26:22', '2022-09-23 17:26:22'),
(5, 1, 3, 'SUPERVISOR', '2022-09-23 17:26:22', '2022-09-23 17:26:22'),
(6, 1, 8, 'GUARDIA', '2022-09-23 17:26:23', '2022-09-23 17:26:23'),
(7, 1, 42, 'SUPERVISOR', '2022-09-23 17:26:23', '2022-09-23 17:26:23'),
(8, 1, 46, 'GUARDIA', '2022-09-23 17:26:23', '2022-09-23 17:26:23'),
(9, 1, 44, 'GUARDIA', '2022-09-23 17:26:23', '2022-09-23 17:26:23'),
(10, 1, 41, 'SUPERVISOR', '2022-09-23 17:26:23', '2022-09-23 17:26:23'),
(11, 1, 52, 'GUARDIA', '2022-09-23 17:26:23', '2022-09-23 17:26:23'),
(12, 1, 21, 'SUPERVISOR', '2022-09-23 17:26:23', '2022-09-23 17:26:23'),
(13, 1, 12, 'SUPERVISOR', '2022-09-23 17:26:23', '2022-09-23 17:26:23'),
(14, 2, 4, 'GUARDIA', '2022-09-23 17:26:23', '2022-09-23 17:26:23'),
(15, 2, 60, 'GUARDIA', '2022-09-23 17:26:23', '2022-09-23 17:26:23'),
(16, 2, 6, 'SUPERVISOR', '2022-09-23 17:26:23', '2022-09-23 17:26:23'),
(17, 2, 23, 'SUPERVISOR', '2022-09-23 17:26:23', '2022-09-23 17:26:23'),
(18, 2, 72, 'GUARDIA', '2022-09-23 17:26:23', '2022-09-23 17:26:23'),
(19, 2, 79, 'SUPERVISOR', '2022-09-23 17:26:23', '2022-09-23 17:26:23'),
(20, 2, 17, 'GUARDIA', '2022-09-23 17:26:23', '2022-09-23 17:26:23'),
(21, 2, 94, 'SUPERVISOR', '2022-09-23 17:26:23', '2022-09-23 17:26:23'),
(22, 3, 53, 'GUARDIA', '2022-09-23 17:26:23', '2022-09-23 17:26:23'),
(23, 3, 48, 'SUPERVISOR', '2022-09-23 17:26:23', '2022-09-23 17:26:23'),
(24, 3, 36, 'GUARDIA', '2022-09-23 17:26:23', '2022-09-23 17:26:23'),
(25, 3, 64, 'SUPERVISOR', '2022-09-23 17:26:23', '2022-09-23 17:26:23'),
(26, 3, 5, 'GUARDIA', '2022-09-23 17:26:23', '2022-09-23 17:26:23'),
(27, 3, 91, 'SUPERVISOR', '2022-09-23 17:26:23', '2022-09-23 17:26:23');

-- --------------------------------------------------------

--
-- Estructura de tabla para la tabla `asistencias`
--

CREATE TABLE `asistencias` (
  `id` bigint(20) UNSIGNED NOT NULL,
  `personal_id` bigint(20) UNSIGNED NOT NULL,
  `tipo` enum('INGRESO','SALIDA') COLLATE utf8mb4_unicode_ci NOT NULL,
  `hora` time NOT NULL,
  `fecha` date NOT NULL,
  `fecha_registro` date NOT NULL,
  `created_at` timestamp NULL DEFAULT NULL,
  `updated_at` timestamp NULL DEFAULT NULL
) ENGINE=InnoDB DEFAULT CHARSET=utf8mb4 COLLATE=utf8mb4_unicode_ci;

--
-- Volcado de datos para la tabla `asistencias`
--

INSERT INTO `asistencias` (`id`, `personal_id`, `tipo`, `hora`, `fecha`, `fecha_registro`, `created_at`, `updated_at`) VALUES
(1, 1, 'INGRESO', '13:28:44', '2022-09-23', '2022-09-23', '2022-09-23 17:28:46', '2022-09-23 17:28:46'),
(2, 1, 'SALIDA', '13:28:48', '2022-09-23', '2022-09-23', '2022-09-23 17:28:50', '2022-09-23 17:28:50'),
(3, 2, 'INGRESO', '13:34:39', '2022-09-23', '2022-09-23', '2022-09-23 17:34:42', '2022-09-23 17:34:42'),
(4, 2, 'SALIDA', '13:34:43', '2022-09-23', '2022-09-23', '2022-09-23 17:34:46', '2022-09-23 17:34:46');

-- --------------------------------------------------------

--
-- Estructura de tabla para la tabla `configuracions`
--

CREATE TABLE `configuracions` (
  `id` bigint(20) UNSIGNED NOT NULL,
  `nombre_sistema` varchar(255) COLLATE utf8mb4_unicode_ci NOT NULL,
  `alias` varchar(255) COLLATE utf8mb4_unicode_ci DEFAULT NULL,
  `razon_social` varchar(255) COLLATE utf8mb4_unicode_ci NOT NULL,
  `nit` varchar(255) COLLATE utf8mb4_unicode_ci NOT NULL,
  `ciudad` varchar(255) COLLATE utf8mb4_unicode_ci NOT NULL,
  `dir` varchar(255) COLLATE utf8mb4_unicode_ci NOT NULL,
  `fono` varchar(255) COLLATE utf8mb4_unicode_ci NOT NULL,
  `web` varchar(255) COLLATE utf8mb4_unicode_ci DEFAULT NULL,
  `actividad_economica` varchar(255) COLLATE utf8mb4_unicode_ci NOT NULL,
  `correo` varchar(255) COLLATE utf8mb4_unicode_ci DEFAULT NULL,
  `logo` varchar(255) COLLATE utf8mb4_unicode_ci DEFAULT NULL,
  `created_at` timestamp NULL DEFAULT NULL,
  `updated_at` timestamp NULL DEFAULT NULL
) ENGINE=InnoDB DEFAULT CHARSET=utf8mb4 COLLATE=utf8mb4_unicode_ci;

--
-- Volcado de datos para la tabla `configuracions`
--

INSERT INTO `configuracions` (`id`, `nombre_sistema`, `alias`, `razon_social`, `nit`, `ciudad`, `dir`, `fono`, `web`, `actividad_economica`, `correo`, `logo`, `created_at`, `updated_at`) VALUES
(1, 'SISGEN', 'SG', 'EMPRESA DE PRUEBA \"SISGEN\"', '111111111111', 'LA PAZ', 'ZONA LOS OLIVOS', '2222222', '', 'ACTIVIDAD ECONOMICA', 'SISGEN@GMAIL.COM', '1663601019_logo.png', NULL, '2022-09-19 15:52:13');

-- --------------------------------------------------------

--
-- Estructura de tabla para la tabla `materials`
--

CREATE TABLE `materials` (
  `id` bigint(20) UNSIGNED NOT NULL,
  `codigo` varchar(255) COLLATE utf8mb4_unicode_ci NOT NULL,
  `nombre` varchar(255) COLLATE utf8mb4_unicode_ci NOT NULL,
  `descripcion` text COLLATE utf8mb4_unicode_ci,
  `propietario` varchar(255) COLLATE utf8mb4_unicode_ci NOT NULL,
  `puesto_vigilancia_id` bigint(20) UNSIGNED NOT NULL,
  `fecha_registro` date NOT NULL,
  `created_at` timestamp NULL DEFAULT NULL,
  `updated_at` timestamp NULL DEFAULT NULL
) ENGINE=InnoDB DEFAULT CHARSET=utf8mb4 COLLATE=utf8mb4_unicode_ci;

--
-- Volcado de datos para la tabla `materials`
--

INSERT INTO `materials` (`id`, `codigo`, `nombre`, `descripcion`, `propietario`, `puesto_vigilancia_id`, `fecha_registro`, `created_at`, `updated_at`) VALUES
(1, 'M01', 'MATERIAL A', '', 'JUAN PERES', 1, '2022-09-19', '2022-09-19 20:14:55', '2022-09-19 20:14:55'),
(2, 'M02', 'MATERIAL B', 'DESCRIPCION DEL MATERIAL', 'JUAN PERES', 2, '2022-09-19', '2022-09-19 20:15:44', '2022-09-19 20:16:24'),
(3, 'M03', 'MATERIAL C', '', 'JUAN PERES', 3, '2022-09-19', '2022-09-19 20:16:44', '2022-09-19 20:16:44');

-- --------------------------------------------------------

--
-- Estructura de tabla para la tabla `migrations`
--

CREATE TABLE `migrations` (
  `id` int(10) UNSIGNED NOT NULL,
  `migration` varchar(255) COLLATE utf8mb4_unicode_ci NOT NULL,
  `batch` int(11) NOT NULL
) ENGINE=InnoDB DEFAULT CHARSET=utf8mb4 COLLATE=utf8mb4_unicode_ci;

--
-- Volcado de datos para la tabla `migrations`
--

INSERT INTO `migrations` (`id`, `migration`, `batch`) VALUES
(1, '2014_10_12_000000_create_users_table', 1),
(2, '2019_12_14_000001_create_personal_access_tokens_table', 1),
(3, '2022_09_16_140348_create_configuracions_table', 1),
(4, '2022_09_16_140450_create_personals_table', 1),
(5, '2022_09_16_140500_create_puesto_vigilancias_table', 1),
(6, '2022_09_16_140501_create_materials_table', 1),
(8, '2022_09_16_140851_create_generacions_table', 1),
(10, '2022_09_16_140534_create_asistencias_table', 2),
(11, '2022_09_16_140902_create_asignacions_table', 3),
(12, '2022_09_16_140903_create_asignacion_personals_table', 4);

-- --------------------------------------------------------

--
-- Estructura de tabla para la tabla `personals`
--

CREATE TABLE `personals` (
  `id` bigint(20) UNSIGNED NOT NULL,
  `nombre` varchar(255) COLLATE utf8mb4_unicode_ci NOT NULL,
  `paterno` varchar(255) COLLATE utf8mb4_unicode_ci NOT NULL,
  `materno` varchar(255) COLLATE utf8mb4_unicode_ci DEFAULT NULL,
  `ci` varchar(100) COLLATE utf8mb4_unicode_ci NOT NULL,
  `ci_exp` varchar(20) COLLATE utf8mb4_unicode_ci NOT NULL,
  `fecha_nacimiento` date NOT NULL,
  `estatura` double(8,2) NOT NULL,
  `peso` double(8,2) NOT NULL,
  `nacionalidad` varchar(255) COLLATE utf8mb4_unicode_ci NOT NULL,
  `dir` varchar(255) COLLATE utf8mb4_unicode_ci NOT NULL,
  `correo` varchar(255) COLLATE utf8mb4_unicode_ci NOT NULL,
  `fono` varchar(155) COLLATE utf8mb4_unicode_ci NOT NULL,
  `cel` varchar(155) COLLATE utf8mb4_unicode_ci NOT NULL,
  `tipo` enum('SUPERVISOR','GUARDIA') COLLATE utf8mb4_unicode_ci NOT NULL,
  `habilidad` enum('EXPERTO','MODERADO','INTERMEDIO','PRINCIPIANTE') COLLATE utf8mb4_unicode_ci NOT NULL,
  `nivel` enum('ALTO','MEDIO','BAJO') COLLATE utf8mb4_unicode_ci NOT NULL,
  `estado` enum('ACTIVO','INACTIVO') COLLATE utf8mb4_unicode_ci NOT NULL,
  `foto` varchar(255) COLLATE utf8mb4_unicode_ci DEFAULT NULL,
  `fecha_registro` date NOT NULL,
  `created_at` timestamp NULL DEFAULT NULL,
  `updated_at` timestamp NULL DEFAULT NULL
) ENGINE=InnoDB DEFAULT CHARSET=utf8mb4 COLLATE=utf8mb4_unicode_ci;

--
-- Volcado de datos para la tabla `personals`
--

INSERT INTO `personals` (`id`, `nombre`, `paterno`, `materno`, `ci`, `ci_exp`, `fecha_nacimiento`, `estatura`, `peso`, `nacionalidad`, `dir`, `correo`, `fono`, `cel`, `tipo`, `habilidad`, `nivel`, `estado`, `foto`, `fecha_registro`, `created_at`, `updated_at`) VALUES
(1, 'PEDRO', 'RAMIRES', '', '1231231', 'LP', '2000-01-01', 1.76, 80.00, 'BOLIVIANO', 'LOS OLIVOS', 'pedro@gmail.com', '222222', '7777777', 'SUPERVISOR', 'EXPERTO', 'ALTO', 'ACTIVO', 'default.png', '2022-09-23', '2022-09-23 16:56:39', '2022-09-23 16:56:39'),
(2, 'JUAN', 'ALVARES', 'RAMOS', '323232', 'CB', '1999-01-01', 1.80, 86.00, 'BOLIVIANO', 'LOS OLIVOS', 'juan@gmail.coma', '32232323', '88888888', 'GUARDIA', 'MODERADO', 'MEDIO', 'ACTIVO', 'default.png', '2022-09-23', '2022-09-23 16:57:12', '2022-09-23 16:57:12'),
(3, 'ALBERTO', 'GONZALES', '', '32234234', 'LP', '1999-02-02', 1.70, 76.00, 'BOLIVIANO', 'LOS OLIVOS', 'alberto@gmail.coma', '222222', '7777777', 'SUPERVISOR', 'MODERADO', 'MEDIO', 'ACTIVO', 'default.png', '2022-09-23', '2022-09-23 16:57:47', '2022-09-23 16:57:47'),
(4, 'JORGE', 'ESTRADA', '', '34223232223', 'CB', '1998-03-03', 1.80, 80.00, 'BOLIVIANO', 'LOS OLIVOS', 'jorge@gmail.coma', '22222', '777777', 'GUARDIA', 'INTERMEDIO', 'MEDIO', 'ACTIVO', 'default.png', '2022-09-23', '2022-09-23 16:58:25', '2022-09-23 16:58:25'),
(5, 'CARLOS', 'CAMACHO', '', '3223232', 'SC', '1997-04-04', 1.70, 74.00, 'BOLIVIANO', 'LOS OLIVOS', 'carlos@gmail.com', '22222', '77777', 'GUARDIA', 'PRINCIPIANTE', 'BAJO', 'ACTIVO', 'default.png', '2022-09-23', '2022-09-23 16:59:00', '2022-09-23 16:59:00'),
(6, 'SANDRO', 'RAMIRES', '', '433434', 'SC', '1999-04-04', 1.70, 75.00, 'BOLIVIANO', 'LOS OLIVOS', 'sandro@gmail.com', '22222', '777777', 'SUPERVISOR', 'EXPERTO', 'MEDIO', 'ACTIVO', 'default.png', '2022-09-23', '2022-09-23 16:59:33', '2022-09-23 16:59:33'),
(7, 'LUIS', 'CASTRO', '', '43343', 'SC', '1999-05-04', 1.86, 90.00, 'BOLIVIANO', 'LOS OLIVOS', 'luis@gmail.com', '222222', '777777', 'GUARDIA', 'EXPERTO', 'ALTO', 'ACTIVO', 'default.png', '2022-09-23', '2022-09-23 17:00:09', '2022-09-23 17:00:09'),
(8, 'HORACE GOTTLIEB', 'PAGAC', '', '967139', 'BN', '2003-04-24', 1.85, 76.00, 'BOLIVIANO', 'IPSAM QUAE QUIA TEMPORA POSSIMUS UT CONSEQUUNTUR.', 'mbreitenberg@example.org', '+1-847-546-5651', '(346) 846-1508', 'GUARDIA', 'EXPERTO', 'BAJO', 'ACTIVO', 'default.png', '2022-09-23', '2022-09-23 17:26:10', '2022-09-23 17:26:10'),
(9, 'ENA ERDMAN', 'KUVALIS', '', '87236', 'CH', '2000-11-27', 1.82, 70.00, 'BOLIVIANO', 'VOLUPTAS ALIQUID VOLUPTATIBUS ET ET VOLUPTATIBUS NECESSITATIBUS ALIQUID. ET UT AMET TEMPORA AT SIT QUOD.', 'zkub@example.org', '520-705-5375', '469.277.4736', 'GUARDIA', 'MODERADO', 'BAJO', 'ACTIVO', 'default.png', '2022-09-23', '2022-09-23 17:26:10', '2022-09-23 17:26:10'),
(10, 'PROF. ETHAN LEUSCHKE', 'STOLTENBERG', '', '200205', 'SC', '1999-11-03', 1.75, 81.00, 'BOLIVIANO', 'QUAE SUNT ITAQUE FUGIT ID REPREHENDERIT. DOLORIBUS HARUM RERUM IUSTO NAM AUTEM NIHIL OFFICIIS ET.', 'kaycee20@example.com', '+1.223.872.0158', '(503) 640-2249', 'SUPERVISOR', 'INTERMEDIO', 'MEDIO', 'ACTIVO', 'default.png', '2022-09-23', '2022-09-23 17:26:10', '2022-09-23 17:26:10'),
(11, 'JAZLYN SHANAHAN', 'MCLAUGHLIN', '', '70440', 'PT', '2000-11-06', 1.77, 89.00, 'BOLIVIANO', 'IN MODI NEMO FACILIS UNDE VOLUPTATEM. MOLESTIAE TEMPORA ET SAPIENTE MOLESTIAS.', 'eveline73@example.net', '+1 (763) 285-0737', '(620) 473-3119', 'SUPERVISOR', 'INTERMEDIO', 'ALTO', 'ACTIVO', 'default.png', '2022-09-23', '2022-09-23 17:26:10', '2022-09-23 17:26:10'),
(12, 'TRYCIA MACEJKOVIC', 'ROMAGUERA', '', '413902', 'PD', '2002-12-11', 1.82, 83.00, 'BOLIVIANO', 'ET CONSEQUATUR VELIT RERUM. ET AUTEM REPUDIANDAE IUSTO ENIM IN CUPIDITATE SOLUTA ET.', 'zechariah47@example.com', '+1.414.459.4556', '+1-480-461-2815', 'SUPERVISOR', 'PRINCIPIANTE', 'MEDIO', 'ACTIVO', 'default.png', '2022-09-23', '2022-09-23 17:26:10', '2022-09-23 17:26:10'),
(13, 'ALFRED BINS', 'BERGNAUM', '', '65398', 'PT', '1999-01-10', 1.88, 87.00, 'BOLIVIANO', 'NESCIUNT ASPERIORES ESSE VOLUPTATEM ET RERUM NIHIL ERROR. VITAE VELIT OFFICIA SEQUI CORRUPTI.', 'jett.runolfsson@example.com', '1-906-649-3443', '586-970-0401', 'SUPERVISOR', 'EXPERTO', 'MEDIO', 'ACTIVO', 'default.png', '2022-09-23', '2022-09-23 17:26:10', '2022-09-23 17:26:10'),
(14, 'MR. FRED CRONA', 'BUCKRIDGE', '', '741782', 'PT', '2001-07-22', 1.87, 81.00, 'BOLIVIANO', 'ID QUISQUAM VERO ISTE.', 'powlowski.tommie@example.com', '+16578839585', '239-703-6093', 'SUPERVISOR', 'PRINCIPIANTE', 'ALTO', 'ACTIVO', 'default.png', '2022-09-23', '2022-09-23 17:26:10', '2022-09-23 17:26:10'),
(15, 'DELPHIA GERHOLD MD', 'LITTEL', '', '681357', 'PD', '1999-10-30', 1.66, 88.00, 'BOLIVIANO', 'ATQUE OFFICIIS AUT MOLLITIA MAGNAM.', 'stephanie85@example.net', '952-389-2449', '+1-386-856-0908', 'SUPERVISOR', 'EXPERTO', 'ALTO', 'ACTIVO', 'default.png', '2022-09-23', '2022-09-23 17:26:10', '2022-09-23 17:26:10'),
(16, 'JOSE KERLUKE', 'DAUGHERTY', '', '22628', 'LP', '2002-12-31', 1.80, 84.00, 'BOLIVIANO', 'DOLOR DESERUNT SED PORRO AD INCIDUNT QUAM. DELECTUS EA PORRO REPUDIANDAE POSSIMUS FUGIT AUTEM.', 'mraz.jennyfer@example.com', '870.724.3466', '1-908-743-9119', 'GUARDIA', 'PRINCIPIANTE', 'MEDIO', 'ACTIVO', 'default.png', '2022-09-23', '2022-09-23 17:26:10', '2022-09-23 17:26:10'),
(17, 'DR. KEYSHAWN TOY MD', 'BLANDA', '', '977568', 'OR', '2000-05-22', 1.80, 84.00, 'BOLIVIANO', 'DOLORES ET EAQUE SIT NOBIS QUI DOLOREMQUE IN PRAESENTIUM.', 'stiedemann.orie@example.com', '+1 (947) 239-8786', '(541) 420-2141', 'GUARDIA', 'EXPERTO', 'MEDIO', 'ACTIVO', 'default.png', '2022-09-23', '2022-09-23 17:26:10', '2022-09-23 17:26:10'),
(18, 'KACIE REINGER', 'PAGAC', '', '723417', 'CB', '2001-12-02', 1.72, 85.00, 'BOLIVIANO', 'DELECTUS INVENTORE QUI QUO ODIT NEMO NUMQUAM IN. IN DOLORUM SUNT ULLAM QUIA FUGA ITAQUE DISTINCTIO.', 'bartoletti.henry@example.org', '+1 (619) 762-7153', '(937) 951-2450', 'SUPERVISOR', 'INTERMEDIO', 'MEDIO', 'ACTIVO', 'default.png', '2022-09-23', '2022-09-23 17:26:10', '2022-09-23 17:26:10'),
(19, 'BEVERLY ROSENBAUM', 'VON', '', '996665', 'BN', '2000-03-04', 1.76, 72.00, 'BOLIVIANO', 'REPELLENDUS INVENTORE POSSIMUS DICTA ESSE AUT IPSUM PRAESENTIUM. ALIAS EUM ESSE HARUM CONSEQUATUR ASSUMENDA VELIT AMET EUM.', 'palma.lesch@example.com', '(660) 739-7016', '+1-534-356-8657', 'SUPERVISOR', 'INTERMEDIO', 'ALTO', 'ACTIVO', 'default.png', '2022-09-23', '2022-09-23 17:26:10', '2022-09-23 17:26:10'),
(20, 'LILA KIEHN', 'CORMIER', '', '771263', 'SC', '1999-03-07', 1.89, 71.00, 'BOLIVIANO', 'EOS OMNIS APERIAM MOLESTIAE PLACEAT FUGA NOSTRUM. ET NON RERUM ET VOLUPTAS IN.', 'roob.anahi@example.org', '703.789.6617', '979-741-2532', 'GUARDIA', 'EXPERTO', 'MEDIO', 'ACTIVO', 'default.png', '2022-09-23', '2022-09-23 17:26:10', '2022-09-23 17:26:10'),
(21, 'KAYLA BAILEY DVM', 'DUBUQUE', '', '433449', 'PD', '2000-02-27', 1.76, 77.00, 'BOLIVIANO', 'EA POSSIMUS VOLUPTATEM EVENIET TEMPORA UT SINT DOLOREMQUE QUI. SIT ID NESCIUNT AUT ET.', 'gdooley@example.com', '+1-949-894-2777', '+18459742812', 'SUPERVISOR', 'EXPERTO', 'BAJO', 'ACTIVO', 'default.png', '2022-09-23', '2022-09-23 17:26:10', '2022-09-23 17:26:10'),
(22, 'RAFAEL COLLINS', 'GRIMES', '', '909607', 'TJ', '2001-05-23', 1.78, 78.00, 'BOLIVIANO', 'QUIBUSDAM AB MAIORES SED QUI AUTEM DELECTUS.', 'schmitt.juston@example.org', '+1-458-236-5608', '(865) 634-9811', 'GUARDIA', 'PRINCIPIANTE', 'ALTO', 'ACTIVO', 'default.png', '2022-09-23', '2022-09-23 17:26:10', '2022-09-23 17:26:10'),
(23, 'DR. JASMIN FRAMI', 'WALTER', '', '953067', 'LP', '2000-08-27', 1.85, 80.00, 'BOLIVIANO', 'AUT OMNIS PLACEAT QUIA VOLUPTATEM NATUS.', 'letha.west@example.net', '580-537-8583', '1-614-768-3478', 'SUPERVISOR', 'INTERMEDIO', 'BAJO', 'ACTIVO', 'default.png', '2022-09-23', '2022-09-23 17:26:10', '2022-09-23 17:26:10'),
(24, 'AUTUMN SPINKA', 'BREKKE', '', '612171', 'LP', '2000-03-31', 1.70, 87.00, 'BOLIVIANO', 'MAXIME EA INCIDUNT SOLUTA QUIBUSDAM RERUM.', 'pfunk@example.com', '1-831-423-6634', '+1 (769) 514-1233', 'SUPERVISOR', 'INTERMEDIO', 'ALTO', 'ACTIVO', 'default.png', '2022-09-23', '2022-09-23 17:26:10', '2022-09-23 17:26:10'),
(25, 'MISS PATIENCE PAUCEK', 'KONOPELSKI', '', '755147', 'TJ', '1999-03-08', 1.87, 76.00, 'BOLIVIANO', 'MAIORES VENIAM EUM CONSEQUATUR UT ET TEMPORA ACCUSANTIUM. PARIATUR NEQUE PLACEAT ET AUT VOLUPTATEM.', 'tess.barrows@example.net', '1-717-256-8625', '1-814-799-5037', 'SUPERVISOR', 'MODERADO', 'ALTO', 'ACTIVO', 'default.png', '2022-09-23', '2022-09-23 17:26:10', '2022-09-23 17:26:10'),
(26, 'DELLA BODE', 'DANIEL', '', '662478', 'CH', '1999-05-04', 1.74, 77.00, 'BOLIVIANO', 'LABORIOSAM ALIQUAM AT EXPEDITA VOLUPTATEM LIBERO. CUMQUE ASSUMENDA VERO EST EXCEPTURI IPSAM SED ALIQUID.', 'fahey.scotty@example.net', '(731) 733-7037', '+1-660-257-5511', 'SUPERVISOR', 'PRINCIPIANTE', 'MEDIO', 'ACTIVO', 'default.png', '2022-09-23', '2022-09-23 17:26:10', '2022-09-23 17:26:10'),
(27, 'PROF. JOSHUAH WAELCHI', 'LUEILWITZ', '', '184895', 'PT', '1999-06-30', 1.65, 82.00, 'BOLIVIANO', 'SEQUI VOLUPTATEM PRAESENTIUM IMPEDIT INVENTORE PROVIDENT.', 'wgutmann@example.org', '+1-918-476-0216', '(223) 362-5499', 'GUARDIA', 'MODERADO', 'BAJO', 'ACTIVO', 'default.png', '2022-09-23', '2022-09-23 17:26:10', '2022-09-23 17:26:10'),
(28, 'ZELMA QUIGLEY JR.', 'O\'CONNELL', '', '475647', 'LP', '1999-04-26', 1.74, 70.00, 'BOLIVIANO', 'DOLORES VOLUPTATUM DOLOR TEMPORA SAPIENTE VOLUPTAS NON EA. FACERE IPSA QUIA DEBITIS.', 'bergnaum.danny@example.net', '+1-661-917-8095', '(571) 368-2304', 'GUARDIA', 'INTERMEDIO', 'MEDIO', 'ACTIVO', 'default.png', '2022-09-23', '2022-09-23 17:26:10', '2022-09-23 17:26:10'),
(29, 'NICK HAMMES', 'DAUGHERTY', '', '33907', 'OR', '2003-06-13', 1.78, 75.00, 'BOLIVIANO', 'DOLOREM NIHIL ELIGENDI PERSPICIATIS VOLUPTATE LABORIOSAM TEMPORE. ODIO ARCHITECTO DOLORES EUM DOLOREM QUI FUGIT ACCUSANTIUM.', 'jwiegand@example.net', '1-385-633-6167', '(850) 331-7105', 'SUPERVISOR', 'PRINCIPIANTE', 'MEDIO', 'ACTIVO', 'default.png', '2022-09-23', '2022-09-23 17:26:11', '2022-09-23 17:26:11'),
(30, 'HELMER SCHULTZ', 'ONDRICKA', '', '117749', 'PT', '1999-06-27', 1.82, 78.00, 'BOLIVIANO', 'IPSUM DIGNISSIMOS UT LABORIOSAM EA ULLAM.', 'auer.minnie@example.org', '(651) 560-0822', '+16317250167', 'SUPERVISOR', 'EXPERTO', 'ALTO', 'ACTIVO', 'default.png', '2022-09-23', '2022-09-23 17:26:11', '2022-09-23 17:26:11'),
(31, 'DR. JERRELL LEMKE', 'RITCHIE', '', '780322', 'BN', '1999-12-19', 1.76, 71.00, 'BOLIVIANO', 'QUAERAT QUOS CONSEQUATUR A CONSEQUUNTUR IUSTO HARUM NEMO. QUISQUAM LIBERO VOLUPTATEM REPELLENDUS EUM CUM.', 'frodriguez@example.net', '(830) 402-8028', '+1.703.533.3463', 'SUPERVISOR', 'EXPERTO', 'ALTO', 'ACTIVO', 'default.png', '2022-09-23', '2022-09-23 17:26:11', '2022-09-23 17:26:11'),
(32, 'ANTONETTE ROLFSON', 'HACKETT', '', '981687', 'PT', '1999-03-12', 1.85, 81.00, 'BOLIVIANO', 'MAGNI SIT CULPA MOLESTIAE ET ALIQUAM REPELLENDUS.', 'lydia98@example.com', '(267) 708-1527', '978-846-3557', 'GUARDIA', 'INTERMEDIO', 'MEDIO', 'ACTIVO', 'default.png', '2022-09-23', '2022-09-23 17:26:11', '2022-09-23 17:26:11'),
(33, 'RODRIGO KOEPP', 'HUEL', '', '281509', 'PD', '2003-10-31', 1.66, 70.00, 'BOLIVIANO', 'ET MOLLITIA HARUM OFFICIA ET VOLUPTAS. LABORE QUI NULLA DOLOREM VOLUPTATEM.', 'kathryne77@example.org', '+1-901-476-2757', '1-541-218-6554', 'GUARDIA', 'MODERADO', 'BAJO', 'ACTIVO', 'default.png', '2022-09-23', '2022-09-23 17:26:11', '2022-09-23 17:26:11'),
(34, 'MRS. DAPHNEY SCHILLER', 'HEGMANN', '', '452518', 'CH', '1999-11-17', 1.68, 76.00, 'BOLIVIANO', 'IN VOLUPTAS QUAERAT NIHIL MOLESTIAE NON. OPTIO EOS ASSUMENDA TEMPORIBUS DOLORES OCCAECATI.', 'estoltenberg@example.com', '(915) 513-2292', '+1.279.801.7924', 'GUARDIA', 'EXPERTO', 'MEDIO', 'ACTIVO', 'default.png', '2022-09-23', '2022-09-23 17:26:11', '2022-09-23 17:26:11'),
(35, 'DR. MELBA AUFDERHAR IV', 'REINGER', '', '619927', 'OR', '2001-06-14', 1.69, 75.00, 'BOLIVIANO', 'OMNIS TEMPORIBUS ET VELIT MAGNI VOLUPTATIBUS AUTEM. EXPEDITA AB ET CULPA QUIA.', 'jennifer.aufderhar@example.com', '1-409-768-4432', '1-406-827-6342', 'SUPERVISOR', 'PRINCIPIANTE', 'BAJO', 'ACTIVO', 'default.png', '2022-09-23', '2022-09-23 17:26:11', '2022-09-23 17:26:11'),
(36, 'ADELLA WOLFF', 'HOWELL', '', '324621', 'TJ', '2001-04-08', 1.65, 81.00, 'BOLIVIANO', 'UT LIBERO VOLUPTATEM CULPA SEQUI ITAQUE.', 'dwuckert@example.com', '+1 (984) 430-6203', '573-503-9727', 'GUARDIA', 'INTERMEDIO', 'MEDIO', 'ACTIVO', 'default.png', '2022-09-23', '2022-09-23 17:26:11', '2022-09-23 17:26:11'),
(37, 'CANDELARIO EICHMANN', 'TREUTEL', '', '578398', 'PD', '2001-01-02', 1.86, 82.00, 'BOLIVIANO', 'DUCIMUS CONSEQUUNTUR QUOD AUT REPUDIANDAE. AD RERUM ERROR QUIA EXPLICABO IN A.', 'ilene62@example.net', '214.453.2583', '732.303.7596', 'SUPERVISOR', 'PRINCIPIANTE', 'MEDIO', 'ACTIVO', 'default.png', '2022-09-23', '2022-09-23 17:26:11', '2022-09-23 17:26:11'),
(38, 'MR. ANIBAL HAND V', 'ONDRICKA', '', '673773', 'CH', '2003-12-09', 1.67, 78.00, 'BOLIVIANO', 'QUIA MOLESTIAS SIT AT INCIDUNT ET QUOD EST.', 'kunde.tom@example.net', '+1-586-415-4378', '(773) 388-5106', 'SUPERVISOR', 'EXPERTO', 'ALTO', 'ACTIVO', 'default.png', '2022-09-23', '2022-09-23 17:26:11', '2022-09-23 17:26:11'),
(39, 'PROF. JALON SCHUMM', 'WEST', '', '575177', 'CH', '2001-08-22', 1.79, 81.00, 'BOLIVIANO', 'QUI DEBITIS UT EST QUO MOLLITIA.', 'davonte.west@example.com', '+12108377907', '+1.941.641.4610', 'GUARDIA', 'EXPERTO', 'BAJO', 'ACTIVO', 'default.png', '2022-09-23', '2022-09-23 17:26:11', '2022-09-23 17:26:11'),
(40, 'GUADALUPE FADEL', 'O\'HARA', '', '379881', 'LP', '2001-04-04', 1.69, 79.00, 'BOLIVIANO', 'EOS RERUM VELIT DICTA SED SUSCIPIT.', 'river89@example.com', '(810) 358-4137', '1-650-898-8351', 'SUPERVISOR', 'PRINCIPIANTE', 'BAJO', 'ACTIVO', 'default.png', '2022-09-23', '2022-09-23 17:26:11', '2022-09-23 17:26:11'),
(41, 'FEDERICO HEANEY IV', 'O\'KON', '', '105857', 'PD', '2000-09-17', 1.66, 77.00, 'BOLIVIANO', 'QUASI CORPORIS PROVIDENT MOLESTIAS.', 'ledner.saul@example.org', '+1-240-691-7171', '616.867.8010', 'SUPERVISOR', 'EXPERTO', 'MEDIO', 'ACTIVO', 'default.png', '2022-09-23', '2022-09-23 17:26:11', '2022-09-23 17:26:11'),
(42, 'VICKY NADER', 'SCHUPPE', '', '425176', 'TJ', '1999-04-25', 1.74, 80.00, 'BOLIVIANO', 'PORRO QUAE ET QUAM CONSEQUUNTUR.', 'farrell.alf@example.com', '(336) 928-0298', '+1-317-690-0177', 'SUPERVISOR', 'EXPERTO', 'MEDIO', 'ACTIVO', 'default.png', '2022-09-23', '2022-09-23 17:26:11', '2022-09-23 17:26:11'),
(43, 'PROF. HULDA LEANNON III', 'MUELLER', '', '783882', 'TJ', '2001-01-28', 1.68, 86.00, 'BOLIVIANO', 'EAQUE ATQUE REPREHENDERIT LABORE QUISQUAM INCIDUNT. QUISQUAM TEMPORE CONSEQUATUR QUOD ET PLACEAT.', 'corwin.elaina@example.net', '+1 (585) 596-1653', '+1-757-873-6245', 'SUPERVISOR', 'INTERMEDIO', 'MEDIO', 'ACTIVO', 'default.png', '2022-09-23', '2022-09-23 17:26:11', '2022-09-23 17:26:11'),
(44, 'MISS ANGELINA VON IV', 'PARISIAN', '', '504476', 'PD', '2000-12-28', 1.89, 82.00, 'BOLIVIANO', 'ID LABORE EOS EVENIET UT VOLUPTATEM EOS EX.', 'otha89@example.com', '+1.952.708.0218', '+1.562.951.7892', 'GUARDIA', 'MODERADO', 'BAJO', 'ACTIVO', 'default.png', '2022-09-23', '2022-09-23 17:26:11', '2022-09-23 17:26:11'),
(45, 'PROF. JADYN CUMMINGS I', 'HUEL', '', '747206', 'SC', '2001-02-17', 1.88, 82.00, 'BOLIVIANO', 'ET APERIAM AT ITAQUE BLANDITIIS OCCAECATI ET UNDE.', 'isom.bednar@example.org', '(313) 386-3221', '1-364-374-6240', 'SUPERVISOR', 'PRINCIPIANTE', 'MEDIO', 'ACTIVO', 'default.png', '2022-09-23', '2022-09-23 17:26:11', '2022-09-23 17:26:11'),
(46, 'MALVINA GRIMES MD', 'ERNSER', '', '148810', 'CH', '2001-08-26', 1.77, 86.00, 'BOLIVIANO', 'SEQUI DOLOREM QUIS UT.', 'dconn@example.com', '+1-480-557-8855', '1-323-649-5269', 'GUARDIA', 'INTERMEDIO', 'ALTO', 'ACTIVO', 'default.png', '2022-09-23', '2022-09-23 17:26:11', '2022-09-23 17:26:11'),
(47, 'KEENAN THOMPSON', 'SCHILLER', '', '448057', 'CH', '1999-09-08', 1.67, 87.00, 'BOLIVIANO', 'UT MOLESTIAS ODIT SUSCIPIT VOLUPTAS DOLOREMQUE. CONSEQUATUR UNDE AUT ADIPISCI TEMPORIBUS.', 'amparo.lueilwitz@example.com', '1-732-765-3091', '641-207-2940', 'SUPERVISOR', 'INTERMEDIO', 'BAJO', 'ACTIVO', 'default.png', '2022-09-23', '2022-09-23 17:26:11', '2022-09-23 17:26:11'),
(48, 'MARQUISE SIPES', 'BROWN', '', '502140', 'CB', '1999-01-16', 1.77, 71.00, 'BOLIVIANO', 'SED SOLUTA AUT QUIS EARUM. EXPEDITA NON ASPERNATUR DOLORUM OPTIO.', 'adela56@example.com', '484.674.7384', '(930) 293-3086', 'SUPERVISOR', 'INTERMEDIO', 'ALTO', 'ACTIVO', 'default.png', '2022-09-23', '2022-09-23 17:26:11', '2022-09-23 17:26:11'),
(49, 'RAPHAELLE WISOKY II', 'PADBERG', '', '697430', 'CB', '2001-07-17', 1.74, 78.00, 'BOLIVIANO', 'ET A EST PERFERENDIS.', 'sadie79@example.com', '534.322.6238', '1-423-372-4594', 'SUPERVISOR', 'INTERMEDIO', 'BAJO', 'ACTIVO', 'default.png', '2022-09-23', '2022-09-23 17:26:11', '2022-09-23 17:26:11'),
(50, 'PROF. ALFORD LEDNER PHD', 'LABADIE', '', '750342', 'LP', '2000-05-16', 1.74, 79.00, 'BOLIVIANO', 'DUCIMUS AD DELECTUS QUI MOLESTIAE. FUGIAT FUGA ACCUSAMUS NIHIL RECUSANDAE RERUM VEL VELIT.', 'mikayla66@example.net', '(423) 740-8078', '607.870.4759', 'GUARDIA', 'INTERMEDIO', 'MEDIO', 'ACTIVO', 'default.png', '2022-09-23', '2022-09-23 17:26:11', '2022-09-23 17:26:11'),
(51, 'MRS. HAYLEE GUTMANN', 'LEUSCHKE', '', '638879', 'LP', '1999-12-01', 1.88, 70.00, 'BOLIVIANO', 'UNDE ULLAM ENIM EUM FACILIS ID NEQUE NIHIL. NAM APERIAM IMPEDIT CULPA TEMPORIBUS SINT.', 'branson00@example.org', '1-352-293-5484', '+1 (847) 983-5875', 'GUARDIA', 'PRINCIPIANTE', 'ALTO', 'ACTIVO', 'default.png', '2022-09-23', '2022-09-23 17:26:11', '2022-09-23 17:26:11'),
(52, 'JILLIAN MORISSETTE', 'KERLUKE', '', '734172', 'LP', '2000-10-12', 1.87, 87.00, 'BOLIVIANO', 'LAUDANTIUM QUI TEMPORIBUS REPREHENDERIT.', 'dubuque.katharina@example.org', '803.838.4864', '970.708.0330', 'GUARDIA', 'EXPERTO', 'MEDIO', 'ACTIVO', 'default.png', '2022-09-23', '2022-09-23 17:26:11', '2022-09-23 17:26:11'),
(53, 'RUTH GUTKOWSKI', 'SENGER', '', '22142', 'LP', '2002-10-19', 1.70, 85.00, 'BOLIVIANO', 'NISI MOLLITIA DISTINCTIO DOLORES QUIBUSDAM.', 'ybarrows@example.com', '+1-828-483-1691', '(458) 797-3172', 'GUARDIA', 'MODERADO', 'MEDIO', 'ACTIVO', 'default.png', '2022-09-23', '2022-09-23 17:26:11', '2022-09-23 17:26:11'),
(54, 'HAYLEE JERDE', 'WINTHEISER', '', '875784', 'SC', '2003-11-12', 1.79, 84.00, 'BOLIVIANO', 'VOLUPTATIBUS LAUDANTIUM REPREHENDERIT NUMQUAM RERUM ANIMI ASPERIORES EIUS ACCUSAMUS.', 'pkiehn@example.net', '1-820-652-3760', '+1-539-829-7489', 'GUARDIA', 'INTERMEDIO', 'ALTO', 'ACTIVO', 'default.png', '2022-09-23', '2022-09-23 17:26:11', '2022-09-23 17:26:11'),
(55, 'EMMET WILLIAMSON', 'MCDERMOTT', '', '44822', 'BN', '1999-09-01', 1.67, 87.00, 'BOLIVIANO', 'VENIAM DICTA QUASI LABORE ALIQUAM.', 'neva.schmeler@example.org', '+1-215-326-6148', '+13519772663', 'GUARDIA', 'PRINCIPIANTE', 'ALTO', 'ACTIVO', 'default.png', '2022-09-23', '2022-09-23 17:26:11', '2022-09-23 17:26:11'),
(56, 'LAVERNA BAHRINGER', 'MCKENZIE', '', '82329', 'PT', '2002-04-27', 1.84, 75.00, 'BOLIVIANO', 'CONSEQUUNTUR FUGA LIBERO QUAE REPELLAT ET AD.', 'davion.von@example.org', '+13218939593', '1-641-479-7380', 'SUPERVISOR', 'PRINCIPIANTE', 'BAJO', 'ACTIVO', 'default.png', '2022-09-23', '2022-09-23 17:26:11', '2022-09-23 17:26:11'),
(57, 'DR. DEON KERTZMANN', 'OLSON', '', '577621', 'LP', '2001-08-30', 1.67, 74.00, 'BOLIVIANO', 'ODIT AT ERROR AUT DOLOR CULPA.', 'sabrina44@example.org', '727.840.1836', '(517) 635-2335', 'SUPERVISOR', 'EXPERTO', 'ALTO', 'ACTIVO', 'default.png', '2022-09-23', '2022-09-23 17:26:11', '2022-09-23 17:26:11'),
(58, 'PROF. JEFFEREY WIZA', 'HELLER', '', '564431', 'PT', '2001-06-27', 1.90, 80.00, 'BOLIVIANO', 'QUAM VOLUPTATE COMMODI DIGNISSIMOS VOLUPTATEM HARUM. SUSCIPIT ALIQUAM DISTINCTIO VERITATIS VOLUPTATEM.', 'dora82@example.com', '+1-513-516-4872', '1-651-951-4014', 'GUARDIA', 'PRINCIPIANTE', 'BAJO', 'ACTIVO', 'default.png', '2022-09-23', '2022-09-23 17:26:11', '2022-09-23 17:26:11'),
(59, 'COLEMAN PARISIAN', 'DENESIK', '', '965386', 'BN', '2002-04-16', 1.80, 79.00, 'BOLIVIANO', 'QUIA ESSE A AD SINT VOLUPTATEM.', 'daniel.christelle@example.net', '408.323.7221', '725-513-7359', 'GUARDIA', 'INTERMEDIO', 'BAJO', 'ACTIVO', 'default.png', '2022-09-23', '2022-09-23 17:26:11', '2022-09-23 17:26:11'),
(60, 'JADA REYNOLDS', 'MAYER', '', '933954', 'CB', '2001-08-21', 1.71, 74.00, 'BOLIVIANO', 'ELIGENDI ILLUM EARUM UT TOTAM NON. ET CONSECTETUR AD SED QUI EX QUIBUSDAM SOLUTA.', 'dewayne40@example.org', '(562) 560-9945', '667-260-5832', 'GUARDIA', 'INTERMEDIO', 'BAJO', 'ACTIVO', 'default.png', '2022-09-23', '2022-09-23 17:26:11', '2022-09-23 17:26:11'),
(61, 'MARTA HILPERT', 'JERDE', '', '72859', 'PT', '2003-09-15', 1.66, 84.00, 'BOLIVIANO', 'EA NOBIS DIGNISSIMOS NESCIUNT EST SUSCIPIT UT EOS EA.', 'rrutherford@example.org', '281.761.9740', '304.284.1276', 'GUARDIA', 'INTERMEDIO', 'BAJO', 'ACTIVO', 'default.png', '2022-09-23', '2022-09-23 17:26:11', '2022-09-23 17:26:11'),
(62, 'ZACKARY STANTON', 'ONDRICKA', '', '552648', 'PD', '1999-08-10', 1.66, 80.00, 'BOLIVIANO', 'MAXIME VEL EST CONSEQUATUR ET NATUS.', 'jaida78@example.org', '954-427-1392', '+1 (678) 703-7395', 'SUPERVISOR', 'EXPERTO', 'MEDIO', 'ACTIVO', 'default.png', '2022-09-23', '2022-09-23 17:26:11', '2022-09-23 17:26:11'),
(63, 'MYAH LEGROS', 'GRANT', '', '516299', 'PD', '2001-12-25', 1.76, 71.00, 'BOLIVIANO', 'QUAS MAGNI VERITATIS CUPIDITATE EUM HIC ET. AUTEM AUT CONSEQUATUR LABORE DELENITI.', 'burdette.green@example.com', '+1-785-499-3482', '+12175456630', 'SUPERVISOR', 'PRINCIPIANTE', 'MEDIO', 'ACTIVO', 'default.png', '2022-09-23', '2022-09-23 17:26:11', '2022-09-23 17:26:11'),
(64, 'NIKITA DOYLE', 'RYAN', '', '928645', 'PD', '2002-03-11', 1.68, 72.00, 'BOLIVIANO', 'CUPIDITATE OMNIS AUT ULLAM UT AUT SINT EST.', 'wilson74@example.org', '+1-605-536-1408', '725.948.7089', 'SUPERVISOR', 'PRINCIPIANTE', 'BAJO', 'ACTIVO', 'default.png', '2022-09-23', '2022-09-23 17:26:11', '2022-09-23 17:26:11'),
(65, 'DAISY LARSON', 'KAUTZER', '', '509803', 'CH', '2000-01-06', 1.79, 85.00, 'BOLIVIANO', 'NULLA COMMODI EOS TOTAM QUI RERUM RERUM. TENETUR EUM ARCHITECTO CONSEQUATUR ELIGENDI.', 'kariane.crona@example.com', '248.448.3804', '(614) 320-0016', 'SUPERVISOR', 'EXPERTO', 'ALTO', 'ACTIVO', 'default.png', '2022-09-23', '2022-09-23 17:26:11', '2022-09-23 17:26:11'),
(66, 'ODESSA LEGROS', 'WINTHEISER', '', '633827', 'OR', '2001-05-16', 1.76, 85.00, 'BOLIVIANO', 'QUI OPTIO OFFICIIS MAIORES VITAE UT.', 'winifred.littel@example.net', '(678) 991-4474', '706-453-5069', 'SUPERVISOR', 'EXPERTO', 'BAJO', 'ACTIVO', 'default.png', '2022-09-23', '2022-09-23 17:26:11', '2022-09-23 17:26:11'),
(67, 'DEDRICK TREMBLAY', 'TREMBLAY', '', '175592', 'CB', '1999-05-03', 1.86, 82.00, 'BOLIVIANO', 'OCCAECATI HIC IMPEDIT EXCEPTURI HARUM OFFICIIS MODI PLACEAT.', 'wiza.darion@example.org', '1-346-919-0379', '(762) 701-1175', 'SUPERVISOR', 'INTERMEDIO', 'ALTO', 'ACTIVO', 'default.png', '2022-09-23', '2022-09-23 17:26:11', '2022-09-23 17:26:11'),
(68, 'MARINA NICOLAS', 'BORER', '', '479934', 'OR', '2002-07-06', 1.75, 77.00, 'BOLIVIANO', 'VELIT TEMPORA SINT IPSAM QUI. CONSEQUATUR QUIDEM QUI ARCHITECTO QUAERAT DIGNISSIMOS QUISQUAM.', 'hill.drew@example.org', '828.495.7649', '1-667-866-6770', 'GUARDIA', 'MODERADO', 'BAJO', 'ACTIVO', 'default.png', '2022-09-23', '2022-09-23 17:26:12', '2022-09-23 17:26:12'),
(69, 'MR. ENID ARMSTRONG', 'DICKENS', '', '920801', 'LP', '2002-11-07', 1.71, 72.00, 'BOLIVIANO', 'DELENITI DESERUNT VENIAM LABORIOSAM QUOD. NON VERO EUM SAEPE DOLORES VOLUPTATES VOLUPTATEM EXCEPTURI SUNT.', 'robel.alaina@example.org', '820.992.9145', '+1 (803) 852-3218', 'SUPERVISOR', 'INTERMEDIO', 'MEDIO', 'ACTIVO', 'default.png', '2022-09-23', '2022-09-23 17:26:12', '2022-09-23 17:26:12'),
(70, 'QUEENIE OSINSKI IV', 'KIRLIN', '', '512229', 'BN', '2000-02-25', 1.87, 81.00, 'BOLIVIANO', 'EST RERUM QUI COMMODI ACCUSAMUS SED VERO. VOLUPTAS OMNIS CUM ESSE EST EA DOLORIBUS FUGIT.', 'jeffrey71@example.org', '279.938.0878', '1-830-989-6878', 'GUARDIA', 'MODERADO', 'ALTO', 'ACTIVO', 'default.png', '2022-09-23', '2022-09-23 17:26:12', '2022-09-23 17:26:12'),
(71, 'MARCELLE NIENOW I', 'ANKUNDING', '', '643621', 'TJ', '1999-02-25', 1.86, 86.00, 'BOLIVIANO', 'DOLOR OPTIO INVENTORE EVENIET ESSE CULPA ISTE.', 'tstroman@example.net', '+1-321-421-8119', '+1.574.873.5882', 'GUARDIA', 'PRINCIPIANTE', 'ALTO', 'ACTIVO', 'default.png', '2022-09-23', '2022-09-23 17:26:12', '2022-09-23 17:26:12'),
(72, 'DR. DELIA BEER', 'ARMSTRONG', '', '279893', 'OR', '2002-12-29', 1.79, 77.00, 'BOLIVIANO', 'CONSEQUUNTUR ALIQUAM POSSIMUS SED.', 'bins.jayde@example.com', '+1-608-624-5382', '845.569.0386', 'GUARDIA', 'MODERADO', 'ALTO', 'ACTIVO', 'default.png', '2022-09-23', '2022-09-23 17:26:12', '2022-09-23 17:26:12'),
(73, 'SIENNA BRAKUS', 'RUNTE', '', '484922', 'BN', '1999-03-29', 1.65, 78.00, 'BOLIVIANO', 'MAIORES SINT IN REPELLENDUS ALIQUAM.', 'karson12@example.org', '765.427.2347', '669-778-7618', 'GUARDIA', 'INTERMEDIO', 'BAJO', 'ACTIVO', 'default.png', '2022-09-23', '2022-09-23 17:26:12', '2022-09-23 17:26:12'),
(74, 'CHRISTIANA KLEIN', 'BLICK', '', '497084', 'CH', '2001-08-25', 1.80, 89.00, 'BOLIVIANO', 'IPSA SED MOLLITIA IN A.', 'haley.kathryn@example.net', '+1-760-964-5441', '480.707.8255', 'SUPERVISOR', 'INTERMEDIO', 'ALTO', 'ACTIVO', 'default.png', '2022-09-23', '2022-09-23 17:26:12', '2022-09-23 17:26:12'),
(75, 'SANTINA MORISSETTE', 'TOY', '', '707007', 'PT', '2003-12-18', 1.76, 90.00, 'BOLIVIANO', 'NON AUT OPTIO IURE REPELLAT IMPEDIT OCCAECATI NIHIL.', 'kenya63@example.org', '502.765.3575', '432.793.1964', 'SUPERVISOR', 'EXPERTO', 'MEDIO', 'ACTIVO', 'default.png', '2022-09-23', '2022-09-23 17:26:12', '2022-09-23 17:26:12'),
(76, 'PROF. AMERICO DICKENS', 'AUER', '', '662722', 'OR', '2003-03-24', 1.76, 85.00, 'BOLIVIANO', 'ASSUMENDA AUTEM AD SIMILIQUE QUIS EAQUE DOLOREM ALIQUAM. ID LABORUM EXERCITATIONEM QUI ET NULLA EST FUGA.', 'samir.hodkiewicz@example.net', '925-342-7726', '+1-609-680-1798', 'GUARDIA', 'MODERADO', 'MEDIO', 'ACTIVO', 'default.png', '2022-09-23', '2022-09-23 17:26:12', '2022-09-23 17:26:12'),
(77, 'MS. RETTA OBERBRUNNER DVM', 'TRANTOW', '', '517748', 'CB', '2000-05-21', 1.72, 77.00, 'BOLIVIANO', 'REPELLENDUS NEMO REPUDIANDAE AUT UT VEL FUGIAT DOLORUM. LABORIOSAM QUIA OMNIS SUNT VERITATIS NULLA QUAM.', 'cara12@example.com', '1-516-436-4039', '(463) 347-2780', 'GUARDIA', 'EXPERTO', 'BAJO', 'ACTIVO', 'default.png', '2022-09-23', '2022-09-23 17:26:12', '2022-09-23 17:26:12'),
(78, 'MR. WILFORD KERTZMANN', 'ZBONCAK', '', '471904', 'LP', '2002-12-18', 1.89, 71.00, 'BOLIVIANO', 'FACILIS AUTEM TENETUR SINT. NEMO MINIMA CULPA AUT VITAE.', 'aurore24@example.org', '+1 (678) 662-9202', '+1-205-447-7162', 'SUPERVISOR', 'PRINCIPIANTE', 'MEDIO', 'ACTIVO', 'default.png', '2022-09-23', '2022-09-23 17:26:12', '2022-09-23 17:26:12'),
(79, 'KRISTOPHER JACOBS', 'SAWAYN', '', '746600', 'LP', '2002-03-18', 1.90, 77.00, 'BOLIVIANO', 'ALIQUID ET EXPEDITA UT.', 'christelle.huels@example.org', '1-817-609-4107', '1-530-733-9692', 'SUPERVISOR', 'MODERADO', 'ALTO', 'ACTIVO', 'default.png', '2022-09-23', '2022-09-23 17:26:12', '2022-09-23 17:26:12'),
(80, 'KENNITH COLLIER', 'HIRTHE', '', '394706', 'LP', '2003-04-14', 1.78, 80.00, 'BOLIVIANO', 'OMNIS SED SAPIENTE DEBITIS QUIS IURE NOSTRUM. VOLUPTATUM EXPEDITA VOLUPTATE SUNT QUAE DOLORIBUS.', 'tkoelpin@example.com', '1-928-212-2785', '986.799.1186', 'GUARDIA', 'PRINCIPIANTE', 'MEDIO', 'ACTIVO', 'default.png', '2022-09-23', '2022-09-23 17:26:12', '2022-09-23 17:26:12'),
(81, 'TANIA NOLAN', 'RENNER', '', '445466', 'CH', '2001-09-19', 1.80, 76.00, 'BOLIVIANO', 'QUI VOLUPTATES SIMILIQUE EST VOLUPTATEM PARIATUR SED ODIO QUIA. ISTE BLANDITIIS ESSE IURE.', 'conner00@example.com', '1-442-624-0300', '+1 (805) 404-6535', 'GUARDIA', 'EXPERTO', 'MEDIO', 'ACTIVO', 'default.png', '2022-09-23', '2022-09-23 17:26:12', '2022-09-23 17:26:12'),
(82, 'TITO REMPEL', 'O\'REILLY', '', '163015', 'BN', '1999-12-29', 1.87, 79.00, 'BOLIVIANO', 'RERUM NATUS CONSEQUUNTUR ET EXPLICABO SINT ALIAS DOLOREM. QUISQUAM CUMQUE UNDE VOLUPTATE MOLESTIAE ULLAM OPTIO.', 'dangelo.mann@example.com', '812.833.3643', '786-396-3030', 'GUARDIA', 'PRINCIPIANTE', 'BAJO', 'ACTIVO', 'default.png', '2022-09-23', '2022-09-23 17:26:12', '2022-09-23 17:26:12'),
(83, 'LEXI HALEY', 'WISOKY', '', '478169', 'PT', '1999-09-06', 1.79, 72.00, 'BOLIVIANO', 'AMET UT NEQUE ET QUI.', 'fkris@example.org', '928.419.4586', '+13518088139', 'SUPERVISOR', 'INTERMEDIO', 'BAJO', 'ACTIVO', 'default.png', '2022-09-23', '2022-09-23 17:26:12', '2022-09-23 17:26:12'),
(84, 'MRS. RHEA SAWAYN', 'FEENEY', '', '465402', 'SC', '1999-03-31', 1.68, 78.00, 'BOLIVIANO', 'DIGNISSIMOS QUAERAT SIT CONSEQUATUR ASPERNATUR QUAS UT AT.', 'eusebio.simonis@example.com', '830-562-7774', '1-480-812-5316', 'GUARDIA', 'MODERADO', 'ALTO', 'ACTIVO', 'default.png', '2022-09-23', '2022-09-23 17:26:12', '2022-09-23 17:26:12'),
(85, 'SETH STEHR', 'WILLIAMSON', '', '796140', 'CB', '2003-12-11', 1.69, 77.00, 'BOLIVIANO', 'EXERCITATIONEM UT ASPERNATUR DEBITIS VOLUPTATEM UNDE A ENIM. DICTA VOLUPTAS QUIDEM ADIPISCI.', 'jewel29@example.com', '779-893-4157', '(562) 999-2497', 'GUARDIA', 'INTERMEDIO', 'BAJO', 'ACTIVO', 'default.png', '2022-09-23', '2022-09-23 17:26:12', '2022-09-23 17:26:12'),
(86, 'MISS SOPHIE GRIMES PHD', 'ABBOTT', '', '513536', 'BN', '1999-04-09', 1.66, 82.00, 'BOLIVIANO', 'TEMPORE SAPIENTE FACILIS DOLORE DOLORES ODIT VEL.', 'tkrajcik@example.org', '270.390.2373', '(341) 508-0987', 'GUARDIA', 'MODERADO', 'MEDIO', 'ACTIVO', 'default.png', '2022-09-23', '2022-09-23 17:26:12', '2022-09-23 17:26:12'),
(87, 'VICTOR WALSH', 'ONDRICKA', '', '528191', 'BN', '2001-03-20', 1.71, 70.00, 'BOLIVIANO', 'LABORUM ASPERNATUR VOLUPTATEM AUT RERUM IMPEDIT ET QUO. UT QUAM PLACEAT EXPEDITA A ET EA EUM QUIBUSDAM.', 'ila.hoeger@example.net', '+1-678-630-3483', '+19702640561', 'GUARDIA', 'MODERADO', 'BAJO', 'ACTIVO', 'default.png', '2022-09-23', '2022-09-23 17:26:12', '2022-09-23 17:26:12'),
(88, 'LIONEL COLE', 'RATH', '', '455854', 'PD', '2002-07-17', 1.84, 79.00, 'BOLIVIANO', 'SED RATIONE MINIMA SEQUI VOLUPTATEM AUTEM UT. ANIMI VOLUPTATES VOLUPTATEM EXERCITATIONEM REPELLAT ENIM AMET ET.', 'tohara@example.org', '(801) 904-0632', '(337) 877-6959', 'GUARDIA', 'PRINCIPIANTE', 'ALTO', 'ACTIVO', 'default.png', '2022-09-23', '2022-09-23 17:26:12', '2022-09-23 17:26:12'),
(89, 'CARY MEDHURST III', 'OKUNEVA', '', '343568', 'CB', '2002-06-20', 1.81, 72.00, 'BOLIVIANO', 'IMPEDIT OCCAECATI CONSEQUATUR RERUM AT VOLUPTATE RERUM QUO. EA OMNIS UT INVENTORE DOLORES CORPORIS LAUDANTIUM SED.', 'mkozey@example.com', '+1 (341) 532-7180', '+1.619.300.0427', 'GUARDIA', 'MODERADO', 'ALTO', 'ACTIVO', 'default.png', '2022-09-23', '2022-09-23 17:26:12', '2022-09-23 17:26:12'),
(90, 'DR. MARLON NITZSCHE', 'BATZ', '', '281167', 'PT', '2003-09-04', 1.80, 86.00, 'BOLIVIANO', 'NULLA EUM REPREHENDERIT NUMQUAM QUISQUAM NIHIL IMPEDIT.', 'osinski.eloise@example.com', '+1-743-619-4996', '952.722.7279', 'SUPERVISOR', 'MODERADO', 'MEDIO', 'ACTIVO', 'default.png', '2022-09-23', '2022-09-23 17:26:12', '2022-09-23 17:26:12'),
(91, 'DULCE SHANAHAN', 'KOHLER', '', '740261', 'TJ', '2003-09-02', 1.79, 78.00, 'BOLIVIANO', 'AUT NIHIL MOLESTIAE QUI IN.', 'gzboncak@example.com', '1-667-222-0748', '+14755648564', 'SUPERVISOR', 'PRINCIPIANTE', 'ALTO', 'ACTIVO', 'default.png', '2022-09-23', '2022-09-23 17:26:12', '2022-09-23 17:26:12'),
(92, 'ALEK JACOBSON', 'HETTINGER', '', '146470', 'OR', '2001-04-02', 1.74, 83.00, 'BOLIVIANO', 'REPELLENDUS DOLORIBUS SEQUI PERFERENDIS ISTE SAEPE EST CORRUPTI.', 'lucas55@example.org', '1-503-435-6887', '+1-352-354-3220', 'SUPERVISOR', 'MODERADO', 'MEDIO', 'ACTIVO', 'default.png', '2022-09-23', '2022-09-23 17:26:13', '2022-09-23 17:26:13'),
(93, 'REX SAWAYN', 'BODE', '', '271814', 'CH', '2001-05-12', 1.85, 79.00, 'BOLIVIANO', 'DOLORES FACILIS FUGA EOS AUT. AUT PERSPICIATIS ASSUMENDA NUMQUAM UT MOLESTIAS.', 'ugrant@example.org', '(870) 936-5142', '904.596.4314', 'GUARDIA', 'INTERMEDIO', 'BAJO', 'ACTIVO', 'default.png', '2022-09-23', '2022-09-23 17:26:13', '2022-09-23 17:26:13'),
(94, 'ANTONIETTA MOSCISKI', 'TRANTOW', '', '654042', 'PD', '2001-10-10', 1.78, 86.00, 'BOLIVIANO', 'A CONSEQUATUR MINUS EST ET.', 'balistreri.hazle@example.com', '(215) 902-0782', '(989) 603-9826', 'SUPERVISOR', 'MODERADO', 'BAJO', 'ACTIVO', 'default.png', '2022-09-23', '2022-09-23 17:26:13', '2022-09-23 17:26:13'),
(95, 'DR. MORTIMER TORP', 'FARRELL', '', '792166', 'PD', '2002-08-10', 1.84, 83.00, 'BOLIVIANO', 'RATIONE ET ET EOS VOLUPTATEM ENIM CONSEQUUNTUR.', 'jermaine.jacobi@example.com', '+13216937317', '+1-909-540-5913', 'GUARDIA', 'INTERMEDIO', 'MEDIO', 'ACTIVO', 'default.png', '2022-09-23', '2022-09-23 17:26:13', '2022-09-23 17:26:13'),
(96, 'AUSTEN FADEL', 'MOSCISKI', '', '519240', 'OR', '2000-06-03', 1.67, 72.00, 'BOLIVIANO', 'IUSTO QUIA OMNIS EST QUIA VOLUPTATUM QUIS A. IN TOTAM EARUM SUNT ET VOLUPTAS.', 'allen.vandervort@example.org', '(424) 549-0308', '(380) 751-7459', 'GUARDIA', 'INTERMEDIO', 'ALTO', 'ACTIVO', 'default.png', '2022-09-23', '2022-09-23 17:26:13', '2022-09-23 17:26:13'),
(97, 'MS. ROXANNE WIEGAND', 'WILLMS', '', '739511', 'CB', '2001-10-07', 1.75, 75.00, 'BOLIVIANO', 'NON EUM HARUM UT FUGIAT IUSTO. QUIA ASPERNATUR VOLUPTATIBUS MAXIME.', 'kiley.kuhic@example.com', '980.570.4903', '+1-810-875-0880', 'SUPERVISOR', 'EXPERTO', 'MEDIO', 'ACTIVO', 'default.png', '2022-09-23', '2022-09-23 17:26:13', '2022-09-23 17:26:13'),
(98, 'ALVAH HIRTHE', 'KOZEY', '', '140030', 'TJ', '2000-09-06', 1.86, 86.00, 'BOLIVIANO', 'MAXIME QUI QUAS OCCAECATI EOS ADIPISCI PERFERENDIS VOLUPTATEM TEMPORIBUS. TEMPORE ULLAM VEL HARUM IN EOS PRAESENTIUM.', 'doyle.helen@example.org', '1-540-834-1595', '+1-305-649-8994', 'SUPERVISOR', 'INTERMEDIO', 'BAJO', 'ACTIVO', 'default.png', '2022-09-23', '2022-09-23 17:26:13', '2022-09-23 17:26:13'),
(99, 'KARINA YOST V', 'MCCLURE', '', '108045', 'CH', '2003-11-10', 1.74, 84.00, 'BOLIVIANO', 'ET OCCAECATI TEMPORA ET. ET EST ATQUE ALIAS NUMQUAM EX OCCAECATI NATUS.', 'etorphy@example.org', '(413) 514-5054', '+1 (737) 269-8530', 'GUARDIA', 'PRINCIPIANTE', 'ALTO', 'ACTIVO', 'default.png', '2022-09-23', '2022-09-23 17:26:13', '2022-09-23 17:26:13'),
(100, 'DR. VELLA BOSCO', 'ROMAGUERA', '', '370793', 'PT', '2001-08-08', 1.84, 79.00, 'BOLIVIANO', 'QUAM VOLUPTATE RERUM ILLUM NECESSITATIBUS MOLESTIAE EAQUE.', 'lori76@example.net', '1-270-400-1321', '215-505-9256', 'GUARDIA', 'MODERADO', 'MEDIO', 'ACTIVO', 'default.png', '2022-09-23', '2022-09-23 17:26:13', '2022-09-23 17:26:13'),
(101, 'PROF. MAGDALEN DOUGLAS', 'WATSICA', '', '422254', 'BN', '2001-11-19', 1.74, 79.00, 'BOLIVIANO', 'QUIBUSDAM BEATAE FACILIS PARIATUR SAPIENTE AUT SAEPE.', 'abernathy.adrianna@example.com', '404.445.9426', '+1.662.800.8252', 'SUPERVISOR', 'INTERMEDIO', 'ALTO', 'ACTIVO', 'default.png', '2022-09-23', '2022-09-23 17:26:13', '2022-09-23 17:26:13'),
(102, 'STEFAN DICKENS', 'KOHLER', '', '840477', 'CH', '2003-03-19', 1.68, 75.00, 'BOLIVIANO', 'ELIGENDI ITAQUE TEMPORE UT PARIATUR MOLESTIAE.', 'jernser@example.org', '+1.318.319.7453', '972.846.6844', 'GUARDIA', 'MODERADO', 'ALTO', 'ACTIVO', 'default.png', '2022-09-23', '2022-09-23 17:26:13', '2022-09-23 17:26:13'),
(103, 'KYLIE KOHLER', 'HERMAN', '', '816362', 'PD', '2001-06-01', 1.72, 71.00, 'BOLIVIANO', 'REPREHENDERIT PRAESENTIUM CONSEQUATUR VOLUPTATE SUSCIPIT OPTIO. IURE OMNIS DOLORE ET OPTIO REPELLAT QUAERAT ACCUSANTIUM.', 'kdibbert@example.org', '309.972.0592', '+1.458.270.6428', 'SUPERVISOR', 'EXPERTO', 'BAJO', 'ACTIVO', 'default.png', '2022-09-23', '2022-09-23 17:26:13', '2022-09-23 17:26:13'),
(104, 'NEIL LUETTGEN', 'WIEGAND', '', '547248', 'LP', '2002-09-19', 1.69, 77.00, 'BOLIVIANO', 'ET VOLUPTATEM VEL ENIM NECESSITATIBUS AUT VERITATIS RERUM. DIGNISSIMOS AD QUISQUAM EX COMMODI.', 'braun.robyn@example.org', '463.319.7573', '+1.850.204.1011', 'SUPERVISOR', 'EXPERTO', 'MEDIO', 'ACTIVO', 'default.png', '2022-09-23', '2022-09-23 17:26:13', '2022-09-23 17:26:13'),
(105, 'ASHLY SCHILLER', 'HAMMES', '', '959835', 'CH', '2001-08-30', 1.69, 86.00, 'BOLIVIANO', 'DELECTUS ASPERIORES POSSIMUS EUM TOTAM QUI TEMPORIBUS BEATAE. NUMQUAM CUPIDITATE VEL TENETUR EA QUI OFFICIA ESSE.', 'mandy.price@example.net', '1-864-502-0619', '+1-838-720-2357', 'SUPERVISOR', 'PRINCIPIANTE', 'BAJO', 'ACTIVO', 'default.png', '2022-09-23', '2022-09-23 17:26:13', '2022-09-23 17:26:13'),
(106, 'PROF. MARGARETT DAVIS', 'DANIEL', '', '384568', 'CH', '2001-08-11', 1.77, 75.00, 'BOLIVIANO', 'AUT ATQUE TEMPORIBUS ENIM ATQUE RERUM QUIBUSDAM EXERCITATIONEM. QUAM AUT QUI NIHIL.', 'joey30@example.org', '(283) 544-0032', '1-512-388-1227', 'SUPERVISOR', 'PRINCIPIANTE', 'BAJO', 'ACTIVO', 'default.png', '2022-09-23', '2022-09-23 17:26:13', '2022-09-23 17:26:13'),
(107, 'LEDA KONOPELSKI JR.', 'BAYER', '', '860546', 'CB', '1999-08-25', 1.85, 80.00, 'BOLIVIANO', 'NIHIL NISI AUTEM QUI TENETUR OPTIO NOBIS IUSTO. EST VOLUPTAS ID ASSUMENDA DOLORES.', 'shany15@example.org', '+1 (863) 514-7423', '+1 (262) 754-8926', 'GUARDIA', 'PRINCIPIANTE', 'MEDIO', 'ACTIVO', 'default.png', '2022-09-23', '2022-09-23 17:26:13', '2022-09-23 17:26:13');

-- --------------------------------------------------------

--
-- Estructura de tabla para la tabla `personal_access_tokens`
--

CREATE TABLE `personal_access_tokens` (
  `id` bigint(20) UNSIGNED NOT NULL,
  `tokenable_type` varchar(255) COLLATE utf8mb4_unicode_ci NOT NULL,
  `tokenable_id` bigint(20) UNSIGNED NOT NULL,
  `name` varchar(255) COLLATE utf8mb4_unicode_ci NOT NULL,
  `token` varchar(64) COLLATE utf8mb4_unicode_ci NOT NULL,
  `abilities` text COLLATE utf8mb4_unicode_ci,
  `last_used_at` timestamp NULL DEFAULT NULL,
  `created_at` timestamp NULL DEFAULT NULL,
  `updated_at` timestamp NULL DEFAULT NULL
) ENGINE=InnoDB DEFAULT CHARSET=utf8mb4 COLLATE=utf8mb4_unicode_ci;

-- --------------------------------------------------------

--
-- Estructura de tabla para la tabla `puesto_vigilancias`
--

CREATE TABLE `puesto_vigilancias` (
  `id` bigint(20) UNSIGNED NOT NULL,
  `nombre` varchar(255) COLLATE utf8mb4_unicode_ci NOT NULL,
  `descripcion` text COLLATE utf8mb4_unicode_ci NOT NULL,
  `personal` int(11) NOT NULL,
  `estado` enum('ACTIVO','INACTIVO') COLLATE utf8mb4_unicode_ci NOT NULL,
  `fecha_registro` date NOT NULL,
  `created_at` timestamp NULL DEFAULT NULL,
  `updated_at` timestamp NULL DEFAULT NULL
) ENGINE=InnoDB DEFAULT CHARSET=utf8mb4 COLLATE=utf8mb4_unicode_ci;

--
-- Volcado de datos para la tabla `puesto_vigilancias`
--

INSERT INTO `puesto_vigilancias` (`id`, `nombre`, `descripcion`, `personal`, `estado`, `fecha_registro`, `created_at`, `updated_at`) VALUES
(1, 'PUESTO A', '', 15, 'ACTIVO', '2022-09-23', '2022-09-23 17:00:48', '2022-09-23 17:00:48'),
(2, 'PUESTO B', '', 10, 'ACTIVO', '2022-09-23', '2022-09-23 17:00:56', '2022-09-23 17:00:56'),
(3, 'PUESTO C', '', 6, 'ACTIVO', '2022-09-23', '2022-09-23 17:01:02', '2022-09-23 17:01:02');

-- --------------------------------------------------------

--
-- Estructura de tabla para la tabla `users`
--

CREATE TABLE `users` (
  `id` bigint(20) UNSIGNED NOT NULL,
  `usuario` varchar(255) COLLATE utf8mb4_unicode_ci NOT NULL,
  `nombre` varchar(255) COLLATE utf8mb4_unicode_ci NOT NULL,
  `paterno` varchar(255) COLLATE utf8mb4_unicode_ci NOT NULL,
  `materno` varchar(255) COLLATE utf8mb4_unicode_ci DEFAULT NULL,
  `ci` varchar(100) COLLATE utf8mb4_unicode_ci NOT NULL,
  `ci_exp` varchar(20) COLLATE utf8mb4_unicode_ci NOT NULL,
  `dir` varchar(255) COLLATE utf8mb4_unicode_ci NOT NULL,
  `correo` varchar(255) COLLATE utf8mb4_unicode_ci DEFAULT NULL,
  `fono` varchar(255) COLLATE utf8mb4_unicode_ci NOT NULL,
  `cel` varchar(255) COLLATE utf8mb4_unicode_ci NOT NULL,
  `password` varchar(255) COLLATE utf8mb4_unicode_ci NOT NULL,
  `tipo` enum('ADMINISTRADOR','SUPERVISOR') COLLATE utf8mb4_unicode_ci NOT NULL,
  `foto` varchar(255) COLLATE utf8mb4_unicode_ci DEFAULT NULL,
  `fecha_registro` date NOT NULL,
  `created_at` timestamp NULL DEFAULT NULL,
  `updated_at` timestamp NULL DEFAULT NULL
) ENGINE=InnoDB DEFAULT CHARSET=utf8mb4 COLLATE=utf8mb4_unicode_ci;

--
-- Volcado de datos para la tabla `users`
--

INSERT INTO `users` (`id`, `usuario`, `nombre`, `paterno`, `materno`, `ci`, `ci_exp`, `dir`, `correo`, `fono`, `cel`, `password`, `tipo`, `foto`, `fecha_registro`, `created_at`, `updated_at`) VALUES
(1, 'admin', 'admin', 'admin', NULL, '', '', '', 'admin@gmail.com', '0', '0', '$2y$10$cDSOdzTsMDQAfqcb6.WFtu40s.wmQ4Jl8poIwW69MSZnnedD3prKu', 'ADMINISTRADOR', 'default.png', '2022-09-16', NULL, NULL),
(2, 'JPERES', 'JUAN', 'PERES', '', '1234', 'LP', 'ZONA LOS OLIVOS CALLE 3 #3232', '', '2222222', '7777777', '$2y$10$zgJXSX8wtIbGV2iogFznZOex5p.SamEh7zJug9Uw/bGyTVm6QTfxa', 'ADMINISTRADOR', '1663954188_JPERES.jpg', '2022-09-19', '2022-09-19 19:35:02', '2022-09-23 17:29:48'),
(3, 'MPRADO', 'MARIA', 'PRADO', '', '2222', 'LP', 'ZONA LOS OLIVOS CALLE 3 #3232', 'maria@gmail.com', '222222', '7777777', '$2y$10$T/rKuV1AbDEkHz6J5dt.oO0ZMd6dI1AoBSPiy6PajVUMFRBmHrOZy', 'SUPERVISOR', '1663954513_MPRADO.jpg', '2022-09-19', '2022-09-19 19:36:18', '2022-09-23 17:35:13');

--
-- Índices para tablas volcadas
--

--
-- Indices de la tabla `asignacions`
--
ALTER TABLE `asignacions`
  ADD PRIMARY KEY (`id`),
  ADD KEY `asignacions_puesto_vigilancia_id_foreign` (`puesto_vigilancia_id`);

--
-- Indices de la tabla `asignacion_personals`
--
ALTER TABLE `asignacion_personals`
  ADD PRIMARY KEY (`id`),
  ADD KEY `asignacion_personals_asignacion_id_foreign` (`asignacion_id`),
  ADD KEY `asignacion_personals_personal_id_foreign` (`personal_id`);

--
-- Indices de la tabla `asistencias`
--
ALTER TABLE `asistencias`
  ADD PRIMARY KEY (`id`),
  ADD KEY `asistencias_personal_id_foreign` (`personal_id`);

--
-- Indices de la tabla `configuracions`
--
ALTER TABLE `configuracions`
  ADD PRIMARY KEY (`id`);

--
-- Indices de la tabla `materials`
--
ALTER TABLE `materials`
  ADD PRIMARY KEY (`id`),
  ADD KEY `materials_puesto_vigilancia_id_foreign` (`puesto_vigilancia_id`);

--
-- Indices de la tabla `migrations`
--
ALTER TABLE `migrations`
  ADD PRIMARY KEY (`id`);

--
-- Indices de la tabla `personals`
--
ALTER TABLE `personals`
  ADD PRIMARY KEY (`id`);

--
-- Indices de la tabla `personal_access_tokens`
--
ALTER TABLE `personal_access_tokens`
  ADD PRIMARY KEY (`id`),
  ADD UNIQUE KEY `personal_access_tokens_token_unique` (`token`),
  ADD KEY `personal_access_tokens_tokenable_type_tokenable_id_index` (`tokenable_type`,`tokenable_id`);

--
-- Indices de la tabla `puesto_vigilancias`
--
ALTER TABLE `puesto_vigilancias`
  ADD PRIMARY KEY (`id`);

--
-- Indices de la tabla `users`
--
ALTER TABLE `users`
  ADD PRIMARY KEY (`id`);

--
-- AUTO_INCREMENT de las tablas volcadas
--

--
-- AUTO_INCREMENT de la tabla `asignacions`
--
ALTER TABLE `asignacions`
  MODIFY `id` bigint(20) UNSIGNED NOT NULL AUTO_INCREMENT, AUTO_INCREMENT=4;

--
-- AUTO_INCREMENT de la tabla `asignacion_personals`
--
ALTER TABLE `asignacion_personals`
  MODIFY `id` bigint(20) UNSIGNED NOT NULL AUTO_INCREMENT, AUTO_INCREMENT=28;

--
-- AUTO_INCREMENT de la tabla `asistencias`
--
ALTER TABLE `asistencias`
  MODIFY `id` bigint(20) UNSIGNED NOT NULL AUTO_INCREMENT, AUTO_INCREMENT=5;

--
-- AUTO_INCREMENT de la tabla `configuracions`
--
ALTER TABLE `configuracions`
  MODIFY `id` bigint(20) UNSIGNED NOT NULL AUTO_INCREMENT, AUTO_INCREMENT=2;

--
-- AUTO_INCREMENT de la tabla `materials`
--
ALTER TABLE `materials`
  MODIFY `id` bigint(20) UNSIGNED NOT NULL AUTO_INCREMENT, AUTO_INCREMENT=4;

--
-- AUTO_INCREMENT de la tabla `migrations`
--
ALTER TABLE `migrations`
  MODIFY `id` int(10) UNSIGNED NOT NULL AUTO_INCREMENT, AUTO_INCREMENT=13;

--
-- AUTO_INCREMENT de la tabla `personals`
--
ALTER TABLE `personals`
  MODIFY `id` bigint(20) UNSIGNED NOT NULL AUTO_INCREMENT, AUTO_INCREMENT=108;

--
-- AUTO_INCREMENT de la tabla `personal_access_tokens`
--
ALTER TABLE `personal_access_tokens`
  MODIFY `id` bigint(20) UNSIGNED NOT NULL AUTO_INCREMENT;

--
-- AUTO_INCREMENT de la tabla `puesto_vigilancias`
--
ALTER TABLE `puesto_vigilancias`
  MODIFY `id` bigint(20) UNSIGNED NOT NULL AUTO_INCREMENT, AUTO_INCREMENT=4;

--
-- AUTO_INCREMENT de la tabla `users`
--
ALTER TABLE `users`
  MODIFY `id` bigint(20) UNSIGNED NOT NULL AUTO_INCREMENT, AUTO_INCREMENT=4;

--
-- Restricciones para tablas volcadas
--

--
-- Filtros para la tabla `asignacions`
--
ALTER TABLE `asignacions`
  ADD CONSTRAINT `asignacions_puesto_vigilancia_id_foreign` FOREIGN KEY (`puesto_vigilancia_id`) REFERENCES `puesto_vigilancias` (`id`);

--
-- Filtros para la tabla `asignacion_personals`
--
ALTER TABLE `asignacion_personals`
  ADD CONSTRAINT `asignacion_personals_asignacion_id_foreign` FOREIGN KEY (`asignacion_id`) REFERENCES `asignacions` (`id`),
  ADD CONSTRAINT `asignacion_personals_personal_id_foreign` FOREIGN KEY (`personal_id`) REFERENCES `personals` (`id`);

--
-- Filtros para la tabla `asistencias`
--
ALTER TABLE `asistencias`
  ADD CONSTRAINT `asistencias_personal_id_foreign` FOREIGN KEY (`personal_id`) REFERENCES `personals` (`id`);

--
-- Filtros para la tabla `materials`
--
ALTER TABLE `materials`
  ADD CONSTRAINT `materials_puesto_vigilancia_id_foreign` FOREIGN KEY (`puesto_vigilancia_id`) REFERENCES `puesto_vigilancias` (`id`);
COMMIT;

/*!40101 SET CHARACTER_SET_CLIENT=@OLD_CHARACTER_SET_CLIENT */;
/*!40101 SET CHARACTER_SET_RESULTS=@OLD_CHARACTER_SET_RESULTS */;
/*!40101 SET COLLATION_CONNECTION=@OLD_COLLATION_CONNECTION */;
